scale,notch,art,burst,model,combination,pid,test_recall,train_recall,test_f1,train_f1,test_accuracy,train_accuracy,test_n,test_cm,train_cm,dummy_test_cm,dummy_train_cm
Intra,NoNotch,NoArt,NoBurst,EI,Intra|NoNotch|NoArt|NoBurst|EI,4,0.47015714285714283,0.5471486386452077,0.4221501883613367,0.5239394998047456,0.4500727891156462,0.5108300823195091,494.0,"[[1567, 2138], [1964, 1741]]","[[6987, 7833], [6653, 8167]]","[[1647, 2058], [1631, 2074]]","[[7388, 7432], [7054, 7766]]"
Intra,NoNotch,NoArt,NoBurst,EI,Intra|NoNotch|NoArt|NoBurst|EI,5,0.3790643274853801,0.49790447982228797,0.35355669756800906,0.5012734308512492,0.46415204678362576,0.5168715290633099,184.0,"[[5025, 6235], [6122, 5138]]","[[21675, 23365], [20631, 24409]]","[[4991, 6269], [5052, 6208]]","[[22020, 23020], [21537, 23503]]"
Intra,NoNotch,NoArt,NoBurst,EI,Intra|NoNotch|NoArt|NoBurst|EI,6,0.5772941166595318,0.5906683404586086,0.4852419979206409,0.5531928954406646,0.5097185498560433,0.5244385101697111,622.0,"[[11005, 13395], [12801, 11599]]","[[46855, 50745], [44073, 53527]]","[[10861, 13539], [10990, 13410]]","[[47338, 50262], [46802, 50798]]"
Intra,NoNotch,NoArt,NoBurst,EI,Intra|NoNotch|NoArt|NoBurst|EI,7,0.42561296859169195,0.42014123732834124,0.450757461308405,0.45533924057859093,0.4914520914748879,0.501373973036139,476.0,"[[20347, 23873], [22844, 21376]]","[[86039, 90841], [80891, 95989]]","[[19684, 24536], [19853, 24367]]","[[85759, 91121], [85064, 91816]]"
Intra,NoNotch,NoArt,NoBurst,EI,Intra|NoNotch|NoArt|NoBurst|EI,8,0.7936358024691359,0.7751144725534429,0.5746727931930633,0.5675826932690674,0.491712962962963,0.5115619769236027,800.0,"[[32131, 40289], [35438, 36982]]","[[136452, 153228], [128326, 161354]]","[[32361, 40059], [32467, 39953]]","[[140576, 149104], [140161, 149519]]"
Intra,NoNotch,NoArt,NoBurst,EI,Intra|NoNotch|NoArt|NoBurst|EI,9,0.5826772554340597,0.5941936611435507,0.5425734625371496,0.5494491145673475,0.5160934631654561,0.5154482696251994,674.0,"[[46984, 62691], [50982, 58693]]","[[199938, 238762], [187720, 250980]]","[[49166, 60509], [49078, 60597]]","[[212990, 225710], [213317, 225383]]"
Intra,NoNotch,NoArt,NoBurst,EI,Intra|NoNotch|NoArt|NoBurst|EI,10,0.6280442967884828,0.5155817806470985,0.5179092448646211,0.5140392584880332,0.47113547434477665,0.5113832107199159,436.0,"[[64440, 89130], [69225, 84345]]","[[275889, 338391], [259044, 355236]]","[[68846, 84724], [68719, 84851]]","[[298365, 315915], [299317, 314963]]"
Intra,NoNotch,NoArt,NoBurst,EI,Intra|NoNotch|NoArt|NoBurst|EI,11,0.6172473047471234,0.6211774326574439,0.5716500319528126,0.5851758633776865,0.558756887106289,0.5596219436706902,842.0,"[[85588, 120372], [90600, 115360]]","[[369740, 455780], [344835, 480685]]","[[92493, 113467], [92313, 113647]]","[[401348, 424172], [403002, 422518]]"
Intra,NoNotch,NoArt,NoBurst,EI,Intra|NoNotch|NoArt|NoBurst|EI,12,0.4588269794721408,0.5085516066589237,0.4545188555784231,0.5501527834138181,0.5690224828934506,0.5846757723577236,312.0,"[[110408, 154492], [114802, 150098]]","[[478751, 585329], [442010, 622070]]","[[119185, 145715], [118931, 145969]]","[[517634, 546446], [520119, 543961]]"
Intra,NoNotch,NoArt,NoBurst,EI,Intra|NoNotch|NoArt|NoBurst|EI,13,0.5092950558213716,0.5297715572715573,0.4905358112207946,0.5092083464442796,0.49788197767145137,0.505385296010296,558.0,"[[138248, 191337], [141820, 187765]]","[[599523, 726097], [549725, 775895]]","[[148530, 181055], [148114, 181471]]","[[644885, 680735], [648443, 677177]]"
Intra,NoNotch,NoArt,NoBurst,EI,Intra|NoNotch|NoArt|NoBurst|EI,14,0.44877329343755806,0.473688195128873,0.3897762446597116,0.4396249014744015,0.48847212754844593,0.5147815627646135,672.0,"[[169992, 232108], [172897, 229203]]","[[737723, 882797], [674192, 946328]]","[[181374, 220726], [180739, 221361]]","[[788595, 831925], [793182, 827338]]"
Intra,NoNotch,NoArt,NoBurst,EI,Intra|NoNotch|NoArt|NoBurst|EI,15,0.4958788248943611,0.4719710409969142,0.4809331874665306,0.4906989479512145,0.4999535628067521,0.5109600314817996,674.0,"[[206370, 276660], [208658, 274372]]","[[896088, 1054352], [817808, 1132632]]","[[218019, 265011], [217017, 266013]]","[[949338, 1001102], [955379, 995061]]"
Intra,NoNotch,NoArt,NoBurst,EI,Intra|NoNotch|NoArt|NoBurst|EI,17,0.5287046853130519,0.5388940491119845,0.48090652471949225,0.4911047258801128,0.4983988813606219,0.504045015433463,638.0,"[[246867, 325248], [248570, 323545]]","[[1071231, 1241749], [977754, 1335226]]","[[258373, 313742], [256860, 315255]]","[[1126026, 1186954], [1133611, 1179369]]"
Intra,NoNotch,NoArt,NoBurst,EI,Intra|NoNotch|NoArt|NoBurst|EI,18,0.2231988984586566,0.46419949043204856,0.27968800738535854,0.49076661664123405,0.494693915053041,0.5229342440505231,1010.0,"[[294566, 377399], [295729, 376236]]","[[1270459, 1450041], [1160195, 1560305]]","[[303925, 368040], [301742, 370223]]","[[1325072, 1395428], [1334329, 1386171]]"
Intra,NoNotch,NoArt,NoBurst,EI,Intra|NoNotch|NoArt|NoBurst|EI,20,0.5215591064461585,0.5516962475376508,0.4928770016152719,0.5235450446671452,0.48946217703595873,0.5058447092952785,924.0,"[[349286, 434509], [350069, 433726]]","[[1494939, 1682281], [1366533, 1810687]]","[[355266, 428529], [352286, 431509]]","[[1548659, 1628561], [1559411, 1617809]]"
Intra,NoNotch,NoArt,NoBurst,EI,Intra|NoNotch|NoArt|NoBurst|EI,21,0.36346078521845226,0.3366426721704083,0.26621874754364633,0.34910178158571387,0.4927110441211152,0.5084994613083069,578.0,"[[408642, 495938], [409222, 495358]]","[[1739220, 1930540], [1592224, 2077536]]","[[410613, 493967], [407038, 497542]]","[[1789859, 1879901], [1802073, 1867687]]"
Intra,NoNotch,NoArt,NoBurst,EI,Intra|NoNotch|NoArt|NoBurst|EI,22,0.40959001161440184,0.49589405048540164,0.4175982509535503,0.5026401980121434,0.4951207897793264,0.5151058270872725,410.0,"[[471669, 559661], [472109, 559221]]","[[1998471, 2187689], [1832300, 2353860]]","[[468650, 562680], [464421, 566909]]","[[2042819, 2143341], [2056108, 2130052]]"
Intra,NoNotch,NoArt,NoBurst,EI,Intra|NoNotch|NoArt|NoBurst|EI,23,0.5901501728917038,0.6187919900428197,0.5329748276246982,0.5724043607284075,0.5204845505120842,0.5378811973806877,882.0,"[[538913, 627832], [538875, 627870]]","[[2275488, 2464612], [2087608, 2652492]]","[[530777, 635968], [525848, 640897]]","[[2314738, 2425362], [2328467, 2411633]]"
Intra,NoNotch,NoArt,NoBurst,EI,Intra|NoNotch|NoArt|NoBurst|EI,24,0.10030106894184562,0.09313427925887523,0.15816256572505175,0.1628398992935874,0.5255052956751985,0.5245304362360492,976.0,"[[615065, 698825], [613974, 699916]]","[[2589476, 2753404], [2376951, 2965929]]","[[598414, 715476], [592908, 720982]]","[[2611145, 2731735], [2624932, 2717948]]"
Intra,NoNotch,NoArt,NoBurst,EI,Intra|NoNotch|NoArt|NoBurst|EI,25,0.259561677437615,0.50877738898535,0.29146015943680303,0.5205766078694465,0.4986531125682029,0.5320697841465056,860.0,"[[700608, 771757], [698211, 774154]]","[[2936412, 3054568], [2696701, 3294279]]","[[671306, 801059], [665351, 807014]]","[[2930128, 3060852], [2943897, 3047083]]"
Intra,NoNotch,NoArt,NoBurst,EI,Intra|NoNotch|NoArt|NoBurst|EI,26,0.5288313290163428,0.5646996689743798,0.49747588095917894,0.5291869802795812,0.4752006629663891,0.5008871418264883,462.0,"[[790737, 847868], [787323, 851282]]","[[3299023, 3371117], [3030878, 3639262]]","[[747667, 890938], [741388, 897217]]","[[3264326, 3405814], [3278121, 3392019]]"
Intra,NoNotch,NoArt,NoBurst,EI,Intra|NoNotch|NoArt|NoBurst|EI,27,0.4089601538091805,0.43217468560985506,0.4375869735923931,0.4746705958248115,0.508235231915405,0.5253907556467257,748.0,"[[885416, 927349], [880878, 931887]]","[[3679649, 3701331], [3381935, 3999045]]","[[827618, 985147], [820961, 991804]]","[[3614316, 3766664], [3627863, 3753117]]"
Intra,NoNotch,NoArt,NoBurst,EI,Intra|NoNotch|NoArt|NoBurst|EI,28,0.5484667713239141,0.801924719340031,0.4486463359967262,0.6754592849150611,0.502656462585034,0.6158023280950463,666.0,"[[983526, 1012134], [977861, 1017799]]","[[4081180, 4053380], [3746556, 4388004]]","[[911606, 1084054], [904553, 1091107]]","[[3985600, 4148960], [3998740, 4135820]]"
Intra,NoNotch,NoArt,NoBurst,EI,Intra|NoNotch|NoArt|NoBurst|EI,30,0.23330424799081517,0.32025648042862376,0.21434951908472932,0.2908800893428807,0.5006980482204363,0.50389064055865,664.0,"[[1086483, 1100382], [1079698, 1107167]]","[[4504855, 4421725], [4128678, 4797902]]","[[999404, 1187461], [991876, 1194989]]","[[4375736, 4550844], [4388578, 4538002]]"
Intra,NoNotch,NoArt,NoBurst,EI,Intra|NoNotch|NoArt|NoBurst|EI,31,0.7684358974358975,0.7450188679245283,0.5968917990234679,0.5942716167320322,0.4993205128205128,0.5033223270440251,736.0,"[[1193227, 1193683], [1185332, 1201578]]","[[4943644, 4812116], [4525750, 5230010]]","[[1091182, 1295728], [1083090, 1303820]]","[[4784301, 4971459], [4796743, 4959017]]"
Intra,NoNotch,NoArt,NoBurst,RF,Intra|NoNotch|NoArt|NoBurst|RF,4,0.5094639455782313,0.8202435548506001,0.45399806749469673,0.8164874836052043,0.44883265306122444,0.8161040010079624,494.0,"[[1363, 2342], [1768, 1937]]","[[12013, 2807], [2663, 12157]]","[[1647, 2058], [1631, 2074]]","[[7388, 7432], [7054, 7766]]"
Intra,NoNotch,NoArt,NoBurst,RF,Intra|NoNotch|NoArt|NoBurst|RF,5,0.5405847953216375,0.9071455016660497,0.44706059030058787,0.8989106421167709,0.5028070175438597,0.8981229174379859,184.0,"[[4387, 6873], [5417, 5843]]","[[36988, 8052], [7660, 37380]]","[[4991, 6269], [5052, 6208]]","[[22020, 23020], [21537, 23503]]"
Intra,NoNotch,NoArt,NoBurst,RF,Intra|NoNotch|NoArt|NoBurst|RF,6,0.6374635071726557,0.7125626272833268,0.5206477440762596,0.6827971913239341,0.5054259525068622,0.67126694649566,622.0,"[[9533, 14867], [11146, 13254]]","[[76917, 20683], [18251, 79349]]","[[10861, 13539], [10990, 13410]]","[[47338, 50262], [46802, 50798]]"
Intra,NoNotch,NoArt,NoBurst,RF,Intra|NoNotch|NoArt|NoBurst|RF,7,0.4487682732667534,0.8045996492102858,0.46899963641113096,0.8163000737260321,0.5098614126501664,0.8199444830808842,476.0,"[[17889, 26331], [19948, 24272]]","[[136690, 40190], [35248, 141632]]","[[19684, 24536], [19853, 24367]]","[[85759, 91121], [85064, 91816]]"
Intra,NoNotch,NoArt,NoBurst,RF,Intra|NoNotch|NoArt|NoBurst|RF,8,0.39123714642912955,0.7608787451537613,0.42449267458914325,0.7670488474377125,0.4899301453352086,0.7692327073506579,800.0,"[[31084, 41336], [33701, 38719]]","[[223031, 66649], [59817, 229863]]","[[32361, 40059], [32467, 39953]]","[[140576, 149104], [140161, 149519]]"
Intra,NoNotch,NoArt,NoBurst,RF,Intra|NoNotch|NoArt|NoBurst|RF,9,0.5129382499268365,0.7553718757509756,0.4769221038279845,0.7734275566514385,0.48973727618591534,0.7792245161113321,674.0,"[[49080, 60595], [52407, 57268]]","[[338062, 100638], [93336, 345364]]","[[49166, 60509], [49078, 60597]]","[[212990, 225710], [213317, 225383]]"
Intra,NoNotch,NoArt,NoBurst,RF,Intra|NoNotch|NoArt|NoBurst|RF,10,0.4641978589885567,0.7769404399069139,0.4445167391510122,0.7957392896573913,0.4973407161314138,0.8015603520756699,436.0,"[[70428, 83142], [74614, 78956]]","[[474741, 139539], [132948, 481332]]","[[68846, 84724], [68719, 84851]]","[[298365, 315915], [299317, 314963]]"
Intra,NoNotch,NoArt,NoBurst,RF,Intra|NoNotch|NoArt|NoBurst|RF,11,0.542018005674403,0.6438168977555075,0.46472641242582347,0.6167091601504402,0.5353116367744856,0.60312243731726,842.0,"[[96074, 109886], [100562, 105398]]","[[633746, 191774], [184120, 641400]]","[[92493, 113467], [92313, 113647]]","[[401348, 424172], [403002, 422518]]"
Intra,NoNotch,NoArt,NoBurst,RF,Intra|NoNotch|NoArt|NoBurst|RF,12,0.3385259042033235,0.7731259465737513,0.3764352075381501,0.7978442420272251,0.5291573802541545,0.806148509485095,312.0,"[[125451, 139449], [129826, 135074]]","[[810712, 253368], [243802, 820278]]","[[119185, 145715], [118931, 145969]]","[[517634, 546446], [520119, 543961]]"
Intra,NoNotch,NoArt,NoBurst,RF,Intra|NoNotch|NoArt|NoBurst|RF,13,0.5213779904306219,0.7954954954954955,0.5085355058217382,0.7892292322124033,0.5195151515151515,0.7875104568854568,558.0,"[[158179, 171406], [162132, 167453]]","[[1005966, 319654], [308289, 1017331]]","[[148530, 181055], [148114, 181471]]","[[644885, 680735], [648443, 677177]]"
Intra,NoNotch,NoArt,NoBurst,RF,Intra|NoNotch|NoArt|NoBurst|RF,14,0.3782822390028417,0.720418362892939,0.27815880954877875,0.7033683808777405,0.5025542443852303,0.6968873681077071,672.0,"[[195284, 206816], [198717, 203383]]","[[1224809, 395711], [381276, 1239244]]","[[181374, 220726], [180739, 221361]]","[[788595, 831925], [793182, 827338]]"
Intra,NoNotch,NoArt,NoBurst,RF,Intra|NoNotch|NoArt|NoBurst|RF,15,0.5439372539765714,0.7307897343539083,0.44901945619500594,0.7276395909978705,0.5081138078498462,0.7268938165210687,674.0,"[[236791, 246239], [239607, 243423]]","[[1468215, 482225], [463756, 1486684]]","[[218019, 265011], [217017, 266013]]","[[949338, 1001102], [955379, 995061]]"
Intra,NoNotch,NoArt,NoBurst,RF,Intra|NoNotch|NoArt|NoBurst|RF,17,0.5599896005706391,0.7039842228787878,0.512917392978795,0.6954614712182889,0.5434229933754844,0.6920097014646206,638.0,"[[282224, 289891], [283850, 288265]]","[[1734565, 578415], [555707, 1757273]]","[[258373, 313742], [256860, 315255]]","[[1126026, 1186954], [1133611, 1179369]]"
Intra,NoNotch,NoArt,NoBurst,RF,Intra|NoNotch|NoArt|NoBurst|RF,18,0.44155240974894633,0.6794104190383259,0.43312101791902535,0.7174459626648029,0.524779966607619,0.7328608445817749,1010.0,"[[333720, 338245], [333473, 338492]]","[[2034852, 685648], [661601, 2058899]]","[[303925, 368040], [301742, 370223]]","[[1325072, 1395428], [1334329, 1386171]]"
Intra,NoNotch,NoArt,NoBurst,RF,Intra|NoNotch|NoArt|NoBurst|RF,20,0.4201563261224267,0.6709324872988912,0.44848755204108687,0.7206031256585315,0.5247857310644156,0.7403141646089384,924.0,"[[392582, 391213], [389862, 393933]]","[[2374434, 802786], [783574, 2393646]]","[[355266, 428529], [352286, 431509]]","[[1548659, 1628561], [1559411, 1617809]]"
Intra,NoNotch,NoArt,NoBurst,RF,Intra|NoNotch|NoArt|NoBurst|RF,21,0.3548036953869185,0.831326817110925,0.3568941893885281,0.8001719362950961,0.4999556020384099,0.7929094186672898,578.0,"[[457208, 447372], [451861, 452719]]","[[2742133, 927627], [914584, 2755176]]","[[410613, 493967], [407038, 497542]]","[[1789859, 1879901], [1802073, 1867687]]"
Intra,NoNotch,NoArt,NoBurst,RF,Intra|NoNotch|NoArt|NoBurst|RF,22,0.5219291521486643,0.7420917479448079,0.5107415759616848,0.7141970820784811,0.5285847851335657,0.7051071057726751,410.0,"[[525241, 506089], [517027, 514303]]","[[3126760, 1059400], [1050804, 3135356]]","[[468650, 562680], [464421, 566909]]","[[2042819, 2143341], [2056108, 2130052]]"
Intra,NoNotch,NoArt,NoBurst,RF,Intra|NoNotch|NoArt|NoBurst|RF,23,0.3473103740718183,0.6637468963285434,0.3418538726275669,0.6499638730185778,0.47176081839474965,0.6438333206259023,882.0,"[[598491, 568254], [587687, 579058]]","[[3535039, 1205061], [1198730, 3541370]]","[[530777, 635968], [525848, 640897]]","[[2314738, 2425362], [2328467, 2411633]]"
Intra,NoNotch,NoArt,NoBurst,RF,Intra|NoNotch|NoArt|NoBurst|RF,24,0.41019735397204427,0.6590861727861016,0.4474145991383159,0.673404662955413,0.5242509652117956,0.6815206655514805,976.0,"[[679003, 634887], [665516, 648374]]","[[3976126, 1366754], [1363225, 3979655]]","[[598414, 715476], [592908, 720982]]","[[2611145, 2731735], [2624932, 2717948]]"
Intra,NoNotch,NoArt,NoBurst,RF,Intra|NoNotch|NoArt|NoBurst|RF,25,0.4239076686007202,0.6687123135835297,0.3951987282174757,0.6356163033329926,0.4819738037957765,0.6179710100709358,860.0,"[[766095, 706270], [749912, 722453]]","[[4445521, 1545459], [1542999, 4447981]]","[[671306, 801059], [665351, 807014]]","[[2930128, 3060852], [2943897, 3047083]]"
Intra,NoNotch,NoArt,NoBurst,RF,Intra|NoNotch|NoArt|NoBurst|RF,26,0.12588323568712098,0.578874464214289,0.16712112159776354,0.6492878241063805,0.4415668362627197,0.6900316854343135,462.0,"[[858163, 780442], [839849, 798756]]","[[4935887, 1734253], [1734404, 4935736]]","[[747667, 890938], [741388, 897217]]","[[3264326, 3405814], [3278121, 3392019]]"
Intra,NoNotch,NoArt,NoBurst,RF,Intra|NoNotch|NoArt|NoBurst|RF,27,0.44722009132420093,0.6675106964275741,0.425330258075917,0.6988390697452713,0.4797516462388849,0.7129189108812618,748.0,"[[954827, 857938], [934879, 877886]]","[[5450562, 1930418], [1937017, 5443963]]","[[827618, 985147], [820961, 991804]]","[[3614316, 3766664], [3627863, 3753117]]"
Intra,NoNotch,NoArt,NoBurst,RF,Intra|NoNotch|NoArt|NoBurst|RF,28,0.3938827838827839,0.7623413283782927,0.3017525906218668,0.6979999131412413,0.4931849816849817,0.6737054717457375,666.0,"[[1055531, 940129], [1034068, 961592]]","[[5992383, 2142177], [2150789, 5983771]]","[[911606, 1084054], [904553, 1091107]]","[[3985600, 4148960], [3998740, 4135820]]"
Intra,NoNotch,NoArt,NoBurst,RF,Intra|NoNotch|NoArt|NoBurst|RF,30,0.48654865941784287,0.7376367876346677,0.4672535833172765,0.6906135498909098,0.5116122104410076,0.6715341479240143,664.0,"[[1160206, 1026659], [1137077, 1049788]]","[[6556722, 2369858], [2373777, 6552803]]","[[999404, 1187461], [991876, 1194989]]","[[4375736, 4550844], [4388578, 4538002]]"
Intra,NoNotch,NoArt,NoBurst,RF,Intra|NoNotch|NoArt|NoBurst|RF,31,0.5714794871794872,0.6645998427672956,0.520452072279838,0.675114752703333,0.5051679487179488,0.6824225628930817,736.0,"[[1269299, 1117611], [1244361, 1142549]]","[[7145863, 2609897], [2608377, 7147383]]","[[1091182, 1295728], [1083090, 1303820]]","[[4784301, 4971459], [4796743, 4959017]]"
Intra,NoNotch,NoArt,NoBurst,AF7_high_gamma_mean_LR,Intra|NoNotch|NoArt|NoBurst|AF7_high_gamma_mean_LR,4,0.6308081632653061,0.5112986044924928,0.503219886291801,0.5112293344614629,0.4839112244897959,0.5168790602244674,494.0,"[[1270, 2435], [1432, 2273]]","[[7780, 7040], [7293, 7527]]","[[1647, 2058], [1631, 2074]]","[[7388, 7432], [7054, 7766]]"
Intra,NoNotch,NoArt,NoBurst,AF7_high_gamma_mean_LR,Intra|NoNotch|NoArt|NoBurst|AF7_high_gamma_mean_LR,5,0.4715789473684211,0.5270122176971491,0.39810616366626583,0.4971363433968147,0.49005847953216375,0.5151832654572381,184.0,"[[3968, 7292], [4357, 6903]]","[[23406, 21634], [21866, 23174]]","[[4991, 6269], [5052, 6208]]","[[22020, 23020], [21537, 23503]]"
Intra,NoNotch,NoArt,NoBurst,AF7_high_gamma_mean_LR,Intra|NoNotch|NoArt|NoBurst|AF7_high_gamma_mean_LR,6,0.48798586453795334,0.4687358569762923,0.46605668410905154,0.4912231199713554,0.5353114586218763,0.5227025314159864,622.0,"[[9864, 14536], [10240, 14160]]","[[51467, 46133], [47901, 49699]]","[[10861, 13539], [10990, 13410]]","[[47338, 50262], [46802, 50798]]"
Intra,NoNotch,NoArt,NoBurst,AF7_high_gamma_mean_LR,Intra|NoNotch|NoArt|NoBurst|AF7_high_gamma_mean_LR,7,0.42501375018092347,0.5118043042451971,0.3842809049773915,0.511596052808246,0.45063920248950645,0.5167761171398537,476.0,"[[19268, 24952], [19661, 24559]]","[[94431, 82449], [87820, 89060]]","[[19684, 24536], [19853, 24367]]","[[85759, 91121], [85064, 91816]]"
Intra,NoNotch,NoArt,NoBurst,AF7_high_gamma_mean_LR,Intra|NoNotch|NoArt|NoBurst|AF7_high_gamma_mean_LR,8,0.6506572902015939,0.49899169791697184,0.5382211077100599,0.504623819260641,0.46680954055321144,0.5155104120889852,800.0,"[[31588, 40832], [32645, 39775]]","[[155011, 134669], [144355, 145325]]","[[32361, 40059], [32467, 39953]]","[[140576, 149104], [140161, 149519]]"
Intra,NoNotch,NoArt,NoBurst,AF7_high_gamma_mean_LR,Intra|NoNotch|NoArt|NoBurst|AF7_high_gamma_mean_LR,9,0.4155575065847235,0.5231737284411258,0.2947824541665217,0.5165945477330789,0.4752274722643467,0.5142796207639895,674.0,"[[47690, 61985], [49942, 59733]]","[[234373, 204327], [218563, 220137]]","[[49166, 60509], [49078, 60597]]","[[212990, 225710], [213317, 225383]]"
Intra,NoNotch,NoArt,NoBurst,AF7_high_gamma_mean_LR,Intra|NoNotch|NoArt|NoBurst|AF7_high_gamma_mean_LR,10,0.6022340346991509,0.6118364011710832,0.5554152197425294,0.5770621656258219,0.54590550018457,0.5524915546880864,436.0,"[[67212, 86358], [70490, 83080]]","[[327047, 287233], [304300, 309980]]","[[68846, 84724], [68719, 84851]]","[[298365, 315915], [299317, 314963]]"
Intra,NoNotch,NoArt,NoBurst,AF7_high_gamma_mean_LR,Intra|NoNotch|NoArt|NoBurst|AF7_high_gamma_mean_LR,11,0.5333678506262776,0.5890251111353179,0.467736818869248,0.5849685825264589,0.5512798287854468,0.5834133490331962,842.0,"[[91192, 114768], [94635, 111325]]","[[439560, 385960], [404464, 421056]]","[[92493, 113467], [92313, 113647]]","[[401348, 424172], [403002, 422518]]"
Intra,NoNotch,NoArt,NoBurst,AF7_high_gamma_mean_LR,Intra|NoNotch|NoArt|NoBurst|AF7_high_gamma_mean_LR,12,0.6217438905180841,0.5872695625241967,0.49788634047160985,0.541168084628419,0.508652981427175,0.5041338598528842,312.0,"[[118359, 146541], [121449, 143451]]","[[566403, 497677], [515922, 548158]]","[[119185, 145715], [118931, 145969]]","[[517634, 546446], [520119, 543961]]"
Intra,NoNotch,NoArt,NoBurst,AF7_high_gamma_mean_LR,Intra|NoNotch|NoArt|NoBurst|AF7_high_gamma_mean_LR,13,0.44699202551834133,0.5409813384813387,0.3626760601903947,0.5167441085085982,0.4965933014354067,0.5128547297297297,558.0,"[[148329, 181256], [151074, 178511]]","[[703851, 621769], [637391, 688229]]","[[148530, 181055], [148114, 181471]]","[[644885, 680735], [648443, 677177]]"
Intra,NoNotch,NoArt,NoBurst,AF7_high_gamma_mean_LR,Intra|NoNotch|NoArt|NoBurst|AF7_high_gamma_mean_LR,14,0.675667177167341,0.6863403064081031,0.587518933028666,0.6060818685589623,0.5428798434858049,0.5538714523460286,672.0,"[[181904, 220196], [183906, 218194]]","[[856166, 764354], [771180, 849340]]","[[181374, 220726], [180739, 221361]]","[[788595, 831925], [793182, 827338]]"
Intra,NoNotch,NoArt,NoBurst,AF7_high_gamma_mean_LR,Intra|NoNotch|NoArt|NoBurst|AF7_high_gamma_mean_LR,15,0.3850746268656716,0.4972829614833721,0.26707556516460995,0.5210235758846112,0.4958208955223881,0.5562886986592405,674.0,"[[219834, 263196], [220824, 262206]]","[[1027159, 923281], [919763, 1030677]]","[[218019, 265011], [217017, 266013]]","[[949338, 1001102], [955379, 995061]]"
Intra,NoNotch,NoArt,NoBurst,AF7_high_gamma_mean_LR,Intra|NoNotch|NoArt|NoBurst|AF7_high_gamma_mean_LR,17,0.5653493169759723,0.6035286045834531,0.5005640074451196,0.5949275086389709,0.5565397821294396,0.5892166199842815,638.0,"[[262143, 309972], [261610, 310505]]","[[1217463, 1095517], [1082684, 1230296]]","[[258373, 313742], [256860, 315255]]","[[1126026, 1186954], [1133611, 1179369]]"
Intra,NoNotch,NoArt,NoBurst,AF7_high_gamma_mean_LR,Intra|NoNotch|NoArt|NoBurst|AF7_high_gamma_mean_LR,18,0.47096069268829027,0.4821263078007264,0.3794998307731244,0.5002815635502484,0.509148290676603,0.5191869680706891,1010.0,"[[310081, 361884], [307509, 364456]]","[[1432964, 1287536], [1267339, 1453161]]","[[303925, 368040], [301742, 370223]]","[[1325072, 1395428], [1334329, 1386171]]"
Intra,NoNotch,NoArt,NoBurst,AF7_high_gamma_mean_LR,Intra|NoNotch|NoArt|NoBurst|AF7_high_gamma_mean_LR,20,0.3943949879012993,0.471539584716529,0.2997127333342181,0.5058326517039365,0.5104116126977276,0.541929609975014,924.0,"[[365066, 418729], [360211, 423584]]","[[1677393, 1499827], [1477743, 1699477]]","[[355266, 428529], [352286, 431509]]","[[1548659, 1628561], [1559411, 1617809]]"
Intra,NoNotch,NoArt,NoBurst,AF7_high_gamma_mean_LR,Intra|NoNotch|NoArt|NoBurst|AF7_high_gamma_mean_LR,21,0.572183908045977,0.4540880144343413,0.47044459739863687,0.4736833005205773,0.5164065335753176,0.5171008327005329,578.0,"[[424875, 479705], [417484, 487096]]","[[1943143, 1726617], [1707347, 1962413]]","[[410613, 493967], [407038, 497542]]","[[1789859, 1879901], [1802073, 1867687]]"
Intra,NoNotch,NoArt,NoBurst,AF7_high_gamma_mean_LR,Intra|NoNotch|NoArt|NoBurst|AF7_high_gamma_mean_LR,22,0.6750987224157956,0.5178925541514199,0.5619286754513542,0.5223405833624053,0.5178513356562137,0.5283352468270918,410.0,"[[487102, 544228], [476963, 554367]]","[[2222316, 1963844], [1949273, 2236887]]","[[468650, 562680], [464421, 566909]]","[[2042819, 2143341], [2056108, 2130052]]"
Intra,NoNotch,NoArt,NoBurst,AF7_high_gamma_mean_LR,Intra|NoNotch|NoArt|NoBurst|AF7_high_gamma_mean_LR,23,0.429048104131296,0.544155635219514,0.3158321211502062,0.5460847317709453,0.4974012450481041,0.5489530032793746,882.0,"[[553675, 613070], [540788, 625957]]","[[2522189, 2217911], [2208450, 2531650]]","[[530777, 635968], [525848, 640897]]","[[2314738, 2425362], [2328467, 2411633]]"
Intra,NoNotch,NoArt,NoBurst,AF7_high_gamma_mean_LR,Intra|NoNotch|NoArt|NoBurst|AF7_high_gamma_mean_LR,24,0.49766506714280395,0.5782873821491463,0.4414301477675823,0.5463616082323435,0.45560087821637874,0.5296876230724209,976.0,"[[625673, 688217], [610701, 703189]]","[[2846784, 2496096], [2488566, 2854314]]","[[598414, 715476], [592908, 720982]]","[[2611145, 2731735], [2624932, 2717948]]"
Intra,NoNotch,NoArt,NoBurst,AF7_high_gamma_mean_LR,Intra|NoNotch|NoArt|NoBurst|AF7_high_gamma_mean_LR,25,0.5404651162790698,0.5793621301763519,0.38046884346803345,0.5487326907567601,0.5055813953488372,0.5249897217300903,860.0,"[[702562, 769803], [685868, 786497]]","[[3193091, 2797889], [2788027, 3202953]]","[[671306, 801059], [665351, 807014]]","[[2930128, 3060852], [2943897, 3047083]]"
Intra,NoNotch,NoArt,NoBurst,AF7_high_gamma_mean_LR,Intra|NoNotch|NoArt|NoBurst|AF7_high_gamma_mean_LR,26,0.12234823722890328,0.5639087252934769,0.1582640214561337,0.6135735989809112,0.45426007297769555,0.6419793661525318,462.0,"[[784210, 854395], [766057, 872548]]","[[3557466, 3112674], [3100776, 3569364]]","[[747667, 890938], [741388, 897217]]","[[3264326, 3405814], [3278121, 3392019]]"
Intra,NoNotch,NoArt,NoBurst,AF7_high_gamma_mean_LR,Intra|NoNotch|NoArt|NoBurst|AF7_high_gamma_mean_LR,27,0.5752239365537131,0.5905549435262183,0.4738236911205448,0.5703060561908334,0.547611247296323,0.5548290126415275,748.0,"[[870603, 942162], [850651, 962114]]","[[3940155, 3440825], [3426729, 3954251]]","[[827618, 985147], [820961, 991804]]","[[3614316, 3766664], [3627863, 3753117]]"
Intra,NoNotch,NoArt,NoBurst,AF7_high_gamma_mean_LR,Intra|NoNotch|NoArt|NoBurst|AF7_high_gamma_mean_LR,28,0.28675457875457877,0.5918100091326566,0.23705914136445466,0.6203883196946711,0.516,0.6399704329662538,666.0,"[[961942, 1033718], [939557, 1056103]]","[[4350004, 3784556], [3769799, 4364761]]","[[911606, 1084054], [904553, 1091107]]","[[3985600, 4148960], [3998740, 4135820]]"
Intra,NoNotch,NoArt,NoBurst,AF7_high_gamma_mean_LR,Intra|NoNotch|NoArt|NoBurst|AF7_high_gamma_mean_LR,30,0.4221836969001148,0.48557178098560333,0.39235753037558185,0.5063001550242104,0.5058501384480312,0.5287997025587655,664.0,"[[1058329, 1128536], [1033317, 1153548]]","[[4783993, 4142587], [4130423, 4796157]]","[[999404, 1187461], [991876, 1194989]]","[[4375736, 4550844], [4388578, 4538002]]"
Intra,NoNotch,NoArt,NoBurst,AF7_high_gamma_mean_LR,Intra|NoNotch|NoArt|NoBurst|AF7_high_gamma_mean_LR,31,0.657423076923077,0.5023694968553459,0.5324163655299553,0.5035789713930023,0.4895833333333333,0.5251277515723272,736.0,"[[1158472, 1228438], [1130920, 1255990]]","[[5238351, 4517409], [4509394, 5246366]]","[[1091182, 1295728], [1083090, 1303820]]","[[4784301, 4971459], [4796743, 4959017]]"
Intra,NoNotch,NoArt,NoBurst,AF8_delta_peakfreq_LR,Intra|NoNotch|NoArt|NoBurst|AF8_delta_peakfreq_LR,4,0.1347591836734694,0.2566762850812541,0.177536680872864,0.32439245436220787,0.488680612244898,0.5131621137013582,494.0,"[[3096, 609], [3172, 533]]","[[11441, 3379], [11118, 3702]]","[[1647, 2058], [1631, 2074]]","[[7388, 7432], [7054, 7766]]"
Intra,NoNotch,NoArt,NoBurst,AF8_delta_peakfreq_LR,Intra|NoNotch|NoArt|NoBurst|AF8_delta_peakfreq_LR,5,0.8198830409356725,0.8521510551647538,0.6497102552709194,0.6664938405947962,0.5667836257309942,0.5744539059607552,184.0,"[[8725, 2535], [8764, 2496]]","[[32100, 12940], [30274, 14766]]","[[4991, 6269], [5052, 6208]]","[[22020, 23020], [21537, 23503]]"
Intra,NoNotch,NoArt,NoBurst,AF8_delta_peakfreq_LR,Intra|NoNotch|NoArt|NoBurst|AF8_delta_peakfreq_LR,6,0.7657602847237961,0.7858833475838839,0.6082219833060081,0.6199468786873992,0.5079739450865839,0.5183247933670165,622.0,"[[15810, 8590], [15623, 8777]]","[[58525, 39075], [54039, 43561]]","[[10861, 13539], [10990, 13410]]","[[47338, 50262], [46802, 50798]]"
Intra,NoNotch,NoArt,NoBurst,AF8_delta_peakfreq_LR,Intra|NoNotch|NoArt|NoBurst|AF8_delta_peakfreq_LR,7,0.7141149225647705,0.6598033011557398,0.5597236233148333,0.5385760113814616,0.4666464032421479,0.4948004391432333,476.0,"[[24455, 19765], [24231, 19989]]","[[92784, 84096], [85272, 91608]]","[[19684, 24536], [19853, 24367]]","[[85759, 91121], [85064, 91816]]"
Intra,NoNotch,NoArt,NoBurst,AF8_delta_peakfreq_LR,Intra|NoNotch|NoArt|NoBurst|AF8_delta_peakfreq_LR,8,0.8183202062822316,0.8377697389622945,0.6118867572314588,0.6331614389065264,0.5047874277230818,0.5156277881131652,800.0,"[[34772, 37648], [34586, 37834]]","[[134832, 154848], [123674, 166006]]","[[32361, 40059], [32467, 39953]]","[[140576, 149104], [140161, 149519]]"
Intra,NoNotch,NoArt,NoBurst,AF8_delta_peakfreq_LR,Intra|NoNotch|NoArt|NoBurst|AF8_delta_peakfreq_LR,9,0.6179181631947216,0.6213504772965945,0.49151015190663216,0.5098353161142739,0.4941490408917978,0.499243867085511,674.0,"[[47594, 62081], [47424, 62251]]","[[186912, 251788], [171601, 267099]]","[[49166, 60509], [49078, 60597]]","[[212990, 225710], [213317, 225383]]"
Intra,NoNotch,NoArt,NoBurst,AF8_delta_peakfreq_LR,Intra|NoNotch|NoArt|NoBurst|AF8_delta_peakfreq_LR,10,0.6786002214839424,0.6871829141956309,0.5597821496887352,0.5777000684750787,0.48374529346622364,0.5090893476465731,436.0,"[[62736, 90834], [62776, 90794]]","[[249055, 365225], [229385, 384895]]","[[68846, 84724], [68719, 84851]]","[[298365, 315915], [299317, 314963]]"
Intra,NoNotch,NoArt,NoBurst,AF8_delta_peakfreq_LR,Intra|NoNotch|NoArt|NoBurst|AF8_delta_peakfreq_LR,11,0.7533818689063342,0.8123312221513308,0.5797105941612627,0.629627740160573,0.4927514277836858,0.5238452387745116,842.0,"[[79807, 126153], [80304, 125656]]","[[320510, 505010], [295071, 530449]]","[[92493, 113467], [92313, 113647]]","[[401348, 424172], [403002, 422518]]"
Intra,NoNotch,NoArt,NoBurst,AF8_delta_peakfreq_LR,Intra|NoNotch|NoArt|NoBurst|AF8_delta_peakfreq_LR,12,0.8607976539589443,0.852137700348432,0.6343655844730158,0.6422237850474862,0.5242600195503421,0.5268445373596593,312.0,"[[98204, 166696], [99098, 165802]]","[[398119, 665961], [365511, 698569]]","[[119185, 145715], [118931, 145969]]","[[517634, 546446], [520119, 543961]]"
Intra,NoNotch,NoArt,NoBurst,AF8_delta_peakfreq_LR,Intra|NoNotch|NoArt|NoBurst|AF8_delta_peakfreq_LR,13,0.8128612440191387,0.7967133204633206,0.6072273407338873,0.6248586997312843,0.5142519936204147,0.5223262548262548,558.0,"[[117770, 211815], [118893, 210692]]","[[480976, 844644], [440126, 885494]]","[[148530, 181055], [148114, 181471]]","[[644885, 680735], [648443, 677177]]"
Intra,NoNotch,NoArt,NoBurst,AF8_delta_peakfreq_LR,Intra|NoNotch|NoArt|NoBurst|AF8_delta_peakfreq_LR,14,0.7892152158709642,0.7408022845649963,0.6233310982950776,0.5980320548762971,0.5281746797567302,0.5028262214448656,672.0,"[[139361, 262739], [140333, 261767]]","[[572546, 1047974], [522860, 1097660]]","[[181374, 220726], [180739, 221361]]","[[788595, 831925], [793182, 827338]]"
Intra,NoNotch,NoArt,NoBurst,AF8_delta_peakfreq_LR,Intra|NoNotch|NoArt|NoBurst|AF8_delta_peakfreq_LR,15,0.3704230301642219,0.3808945383145225,0.40965667657175925,0.42024688956992434,0.470553238226445,0.47848708095044845,674.0,"[[164775, 318255], [165688, 317342]]","[[679722, 1270718], [622059, 1328381]]","[[218019, 265011], [217017, 266013]]","[[949338, 1001102], [955379, 995061]]"
Intra,NoNotch,NoArt,NoBurst,AF8_delta_peakfreq_LR,Intra|NoNotch|NoArt|NoBurst|AF8_delta_peakfreq_LR,17,0.8048537378114844,0.8431709303111115,0.5910796392810457,0.640710388617314,0.5051664753157291,0.5279895042075194,638.0,"[[192850, 379265], [193793, 378322]]","[[798767, 1514213], [732509, 1580471]]","[[258373, 313742], [256860, 315255]]","[[1126026, 1186954], [1133611, 1179369]]"
Intra,NoNotch,NoArt,NoBurst,AF8_delta_peakfreq_LR,Intra|NoNotch|NoArt|NoBurst|AF8_delta_peakfreq_LR,18,0.2997873271842486,0.39681791077139916,0.32577121398165254,0.4370128635123433,0.483076675218374,0.5269778283731772,1010.0,"[[226440, 445525], [227556, 444409]]","[[941706, 1778794], [864390, 1856110]]","[[303925, 368040], [301742, 370223]]","[[1325072, 1395428], [1334329, 1386171]]"
Intra,NoNotch,NoArt,NoBurst,AF8_delta_peakfreq_LR,Intra|NoNotch|NoArt|NoBurst|AF8_delta_peakfreq_LR,20,0.7749231311395972,0.7538475335059001,0.5844316771561152,0.5867194873260188,0.500522011087497,0.49933846749955013,924.0,"[[264915, 518880], [266335, 517460]]","[[1105545, 2071675], [1016105, 2161115]]","[[355266, 428529], [352286, 431509]]","[[1548659, 1628561], [1559411, 1617809]]"
Intra,NoNotch,NoArt,NoBurst,AF8_delta_peakfreq_LR,Intra|NoNotch|NoArt|NoBurst|AF8_delta_peakfreq_LR,21,0.8232030104483886,0.7833879683534857,0.6262962227576538,0.6145667191135212,0.5201537010263825,0.5116850600673689,578.0,"[[305391, 599189], [306937, 597643]]","[[1278154, 2391606], [1176162, 2493598]]","[[410613, 493967], [407038, 497542]]","[[1789859, 1879901], [1802073, 1867687]]"
Intra,NoNotch,NoArt,NoBurst,AF8_delta_peakfreq_LR,Intra|NoNotch|NoArt|NoBurst|AF8_delta_peakfreq_LR,22,0.7229419279907084,0.7345828719636891,0.5990575022837739,0.6090582329651432,0.5227404181184669,0.5358148581430042,410.0,"[[347475, 683855], [348930, 682400]]","[[1457665, 2728495], [1341954, 2844206]]","[[468650, 562680], [464421, 566909]]","[[2042819, 2143341], [2056108, 2130052]]"
Intra,NoNotch,NoArt,NoBurst,AF8_delta_peakfreq_LR,Intra|NoNotch|NoArt|NoBurst|AF8_delta_peakfreq_LR,23,0.3828644090863042,0.38056126950275565,0.4443946178729107,0.4431321967765715,0.5233234205908547,0.5218384642330947,882.0,"[[394641, 772104], [395565, 771180]]","[[1659327, 3080773], [1528064, 3212036]]","[[530777, 635968], [525848, 640897]]","[[2314738, 2425362], [2328467, 2411633]]"
Intra,NoNotch,NoArt,NoBurst,AF8_delta_peakfreq_LR,Intra|NoNotch|NoArt|NoBurst|AF8_delta_peakfreq_LR,24,0.31535068013809225,0.34204333558757255,0.37664360118952,0.41162433126854336,0.5122381450294073,0.5210481531276987,976.0,"[[450011, 863879], [449909, 863981]]","[[1894658, 3448222], [1745752, 3597128]]","[[598414, 715476], [592908, 720982]]","[[2611145, 2731735], [2624932, 2717948]]"
Intra,NoNotch,NoArt,NoBurst,AF8_delta_peakfreq_LR,Intra|NoNotch|NoArt|NoBurst|AF8_delta_peakfreq_LR,25,0.7749195716779094,0.7842758133442601,0.6177427357636887,0.6273691776447994,0.5346804094532761,0.5364238273093436,860.0,"[[510786, 961579], [509099, 963266]]","[[2151069, 3839911], [1981780, 4009200]]","[[671306, 801059], [665351, 807014]]","[[2930128, 3060852], [2943897, 3047083]]"
Intra,NoNotch,NoArt,NoBurst,AF8_delta_peakfreq_LR,Intra|NoNotch|NoArt|NoBurst|AF8_delta_peakfreq_LR,26,0.4210716928769657,0.3872071624656178,0.4766980181336935,0.44840460251911524,0.5418052471990954,0.5247785424930138,462.0,"[[575086, 1063519], [571253, 1067352]]","[[2421484, 4248656], [2229786, 4440354]]","[[747667, 890938], [741388, 897217]]","[[3264326, 3405814], [3278121, 3392019]]"
Intra,NoNotch,NoArt,NoBurst,AF8_delta_peakfreq_LR,Intra|NoNotch|NoArt|NoBurst|AF8_delta_peakfreq_LR,27,0.8753135304013459,0.8609227947424619,0.6507466506612715,0.643941811219591,0.5310804614275414,0.5240340627200107,748.0,"[[641966, 1170799], [635414, 1177351]]","[[2702219, 4678761], [2486678, 4894302]]","[[827618, 985147], [820961, 991804]]","[[3614316, 3766664], [3627863, 3753117]]"
Intra,NoNotch,NoArt,NoBurst,AF8_delta_peakfreq_LR,Intra|NoNotch|NoArt|NoBurst|AF8_delta_peakfreq_LR,28,0.4074071166928309,0.4126217663140811,0.4472896285922968,0.4472149811385925,0.5048066457352173,0.4966258665269091,666.0,"[[712572, 1283088], [703022, 1292638]]","[[3001878, 5132682], [2762004, 5372556]]","[[911606, 1084054], [904553, 1091107]]","[[3985600, 4148960], [3998740, 4135820]]"
Intra,NoNotch,NoArt,NoBurst,AF8_delta_peakfreq_LR,Intra|NoNotch|NoArt|NoBurst|AF8_delta_peakfreq_LR,30,0.786676571891673,0.7679867918104085,0.6226550689689541,0.6248694252837371,0.5344707908421693,0.5442700323138101,664.0,"[[786593, 1400272], [773664, 1413201]]","[[3318409, 5608171], [3052600, 5873980]]","[[999404, 1187461], [991876, 1194989]]","[[4375736, 4550844], [4388578, 4538002]]"
Intra,NoNotch,NoArt,NoBurst,AF8_delta_peakfreq_LR,Intra|NoNotch|NoArt|NoBurst|AF8_delta_peakfreq_LR,31,0.7395641025641025,0.7217916666666666,0.5938804421772138,0.5915508083015321,0.5097884615384615,0.5028297955974843,736.0,"[[863157, 1523753], [846501, 1540409]]","[[3646129, 6109631], [3353012, 6402748]]","[[1091182, 1295728], [1083090, 1303820]]","[[4784301, 4971459], [4796743, 4959017]]"
Intra,NoNotch,NoArt,NoBurst,TP10_raw_std_LR,Intra|NoNotch|NoArt|NoBurst|TP10_raw_std_LR,4,0.5125789115646258,0.5301097859703068,0.4700568425503463,0.5290820976646622,0.43300850340136054,0.5294527475092738,494.0,"[[1302, 2403], [1845, 1860]]","[[7866, 6954], [6998, 7822]]","[[1647, 2058], [1631, 2074]]","[[7388, 7432], [7054, 7766]]"
Intra,NoNotch,NoArt,NoBurst,TP10_raw_std_LR,Intra|NoNotch|NoArt|NoBurst|TP10_raw_std_LR,5,0.41730994152046785,0.5193706034801926,0.4127016177808748,0.5133884185031586,0.4747368421052632,0.5288115512773046,184.0,"[[4262, 6998], [5697, 5563]]","[[23955, 21085], [21324, 23716]]","[[4991, 6269], [5052, 6208]]","[[22020, 23020], [21537, 23503]]"
Intra,NoNotch,NoArt,NoBurst,TP10_raw_std_LR,Intra|NoNotch|NoArt|NoBurst|TP10_raw_std_LR,6,0.5467135050741608,0.4950992511983417,0.5051054616102262,0.4994678982738659,0.4970117431777929,0.5074612022282678,622.0,"[[9738, 14662], [12131, 12269]]","[[51640, 45960], [46758, 50842]]","[[10861, 13539], [10990, 13410]]","[[47338, 50262], [46802, 50798]]"
Intra,NoNotch,NoArt,NoBurst,TP10_raw_std_LR,Intra|NoNotch|NoArt|NoBurst|TP10_raw_std_LR,7,0.4600354609929078,0.5231296041149995,0.46043579751802366,0.5173886862604166,0.4865385728759589,0.5129304587822086,476.0,"[[18402, 25818], [21895, 22325]]","[[93019, 83861], [85349, 91531]]","[[19684, 24536], [19853, 24367]]","[[85759, 91121], [85064, 91816]]"
Intra,NoNotch,NoArt,NoBurst,TP10_raw_std_LR,Intra|NoNotch|NoArt|NoBurst|TP10_raw_std_LR,8,0.4681043131739334,0.5071390980380668,0.47223765123305783,0.5070698051616482,0.48438529457727775,0.506510459696872,800.0,"[[31323, 41097], [36165, 36255]]","[[151406, 138274], [140275, 149405]]","[[32361, 40059], [32467, 39953]]","[[140576, 149104], [140161, 149519]]"
Intra,NoNotch,NoArt,NoBurst,TP10_raw_std_LR,Intra|NoNotch|NoArt|NoBurst|TP10_raw_std_LR,9,0.5910431798228111,0.4864911564605114,0.4328239928893386,0.4876561533393575,0.46508726421369084,0.5109073060495165,674.0,"[[48037, 61638], [54695, 54980]]","[[228874, 209826], [213736, 224964]]","[[49166, 60509], [49078, 60597]]","[[212990, 225710], [213317, 225383]]"
Intra,NoNotch,NoArt,NoBurst,TP10_raw_std_LR,Intra|NoNotch|NoArt|NoBurst|TP10_raw_std_LR,10,0.499531930601698,0.5509823211470609,0.48670916575203327,0.5388283747483886,0.4937895902547066,0.5293185871931536,436.0,"[[67429, 86141], [76216, 77354]]","[[319939, 294341], [299756, 314524]]","[[68846, 84724], [68719, 84851]]","[[298365, 315915], [299317, 314963]]"
Intra,NoNotch,NoArt,NoBurst,TP10_raw_std_LR,Intra|NoNotch|NoArt|NoBurst|TP10_raw_std_LR,11,0.5877855250946951,0.6342223916700817,0.5553897857234646,0.5908630564892945,0.5350679197971695,0.5609307183033083,842.0,"[[90899, 115061], [101355, 104605]]","[[428565, 396955], [399473, 426047]]","[[92493, 113467], [92313, 113647]]","[[401348, 424172], [403002, 422518]]"
Intra,NoNotch,NoArt,NoBurst,TP10_raw_std_LR,Intra|NoNotch|NoArt|NoBurst|TP10_raw_std_LR,12,0.16642424242424242,0.4559889740611692,0.1912752202299416,0.5073063209253236,0.497307917888563,0.55819475029036,312.0,"[[118357, 146543], [130216, 134684]]","[[552135, 511945], [510879, 553201]]","[[119185, 145715], [118931, 145969]]","[[517634, 546446], [520119, 543961]]"
Intra,NoNotch,NoArt,NoBurst,TP10_raw_std_LR,Intra|NoNotch|NoArt|NoBurst|TP10_raw_std_LR,13,0.5073301435406699,0.5143854568854568,0.48579386086552584,0.5118692105518109,0.4759234449760766,0.5139639639639639,558.0,"[[148912, 180673], [162351, 167234]]","[[688465, 637155], [633792, 691828]]","[[148530, 181055], [148114, 181471]]","[[644885, 680735], [648443, 677177]]"
Intra,NoNotch,NoArt,NoBurst,TP10_raw_std_LR,Intra|NoNotch|NoArt|NoBurst|TP10_raw_std_LR,14,0.573866201609405,0.5447294397633381,0.5656446032124052,0.5482170275515037,0.5656946202671719,0.5514264133162439,672.0,"[[183412, 218688], [198031, 204069]]","[[842873, 777647], [772195, 848325]]","[[181374, 220726], [180739, 221361]]","[[788595, 831925], [793182, 827338]]"
Intra,NoNotch,NoArt,NoBurst,TP10_raw_std_LR,Intra|NoNotch|NoArt|NoBurst|TP10_raw_std_LR,15,0.4706573734443338,0.4746009998870819,0.47350269168750964,0.4985597298201984,0.49821395232625526,0.5233108053638749,674.0,"[[222390, 260640], [237788, 245242]]","[[1017148, 933292], [928041, 1022399]]","[[218019, 265011], [217017, 266013]]","[[949338, 1001102], [955379, 995061]]"
Intra,NoNotch,NoArt,NoBurst,TP10_raw_std_LR,Intra|NoNotch|NoArt|NoBurst|TP10_raw_std_LR,17,0.43474800429057314,0.5633642194283889,0.4233021372192451,0.5494176356805502,0.48012926519443233,0.5396491811658666,638.0,"[[265643, 306472], [281882, 290233]]","[[1208949, 1104031], [1099265, 1213715]]","[[258373, 313742], [256860, 315255]]","[[1126026, 1186954], [1133611, 1179369]]"
Intra,NoNotch,NoArt,NoBurst,TP10_raw_std_LR,Intra|NoNotch|NoArt|NoBurst|TP10_raw_std_LR,18,0.49359879258037587,0.5331533582696373,0.48790777965113286,0.5400125780666304,0.5384749048113534,0.545579443812002,1010.0,"[[314881, 357084], [331588, 340377]]","[[1425298, 1295202], [1291138, 1429362]]","[[303925, 368040], [301742, 370223]]","[[1325072, 1395428], [1334329, 1386171]]"
Intra,NoNotch,NoArt,NoBurst,TP10_raw_std_LR,Intra|NoNotch|NoArt|NoBurst|TP10_raw_std_LR,20,0.51715641345912,0.5245113254345032,0.5195761021083634,0.5445223568522792,0.5567963578303466,0.5616386425799479,924.0,"[[371158, 412637], [387187, 396608]]","[[1670261, 1506959], [1506182, 1671038]]","[[355266, 428529], [352286, 431509]]","[[1548659, 1628561], [1559411, 1617809]]"
Intra,NoNotch,NoArt,NoBurst,TP10_raw_std_LR,Intra|NoNotch|NoArt|NoBurst|TP10_raw_std_LR,21,0.5565303967106546,0.47778373800112933,0.5107791647112395,0.490630379029226,0.4948342510279204,0.5082986136801729,578.0,"[[432145, 472435], [447026, 457554]]","[[1935745, 1734015], [1739166, 1930594]]","[[410613, 493967], [407038, 497542]]","[[1789859, 1879901], [1802073, 1867687]]"
Intra,NoNotch,NoArt,NoBurst,TP10_raw_std_LR,Intra|NoNotch|NoArt|NoBurst|TP10_raw_std_LR,22,0.45602671312427406,0.5376394288538535,0.40913413044688374,0.5314134517660312,0.4866416957026713,0.5281201102752802,410.0,"[[496031, 535299], [509883, 521447]]","[[2213775, 1972385], [1983831, 2202329]]","[[468650, 562680], [464421, 566909]]","[[2042819, 2143341], [2056108, 2130052]]"
Intra,NoNotch,NoArt,NoBurst,TP10_raw_std_LR,Intra|NoNotch|NoArt|NoBurst|TP10_raw_std_LR,23,0.29721951326682927,0.47558855137973116,0.2777571077973365,0.5182024646763185,0.49847189894450417,0.5579059064101273,882.0,"[[565194, 601551], [578035, 588710]]","[[2514925, 2225175], [2247701, 2492399]]","[[530777, 635968], [525848, 640897]]","[[2314738, 2425362], [2328467, 2411633]]"
Intra,NoNotch,NoArt,NoBurst,TP10_raw_std_LR,Intra|NoNotch|NoArt|NoBurst|TP10_raw_std_LR,24,0.6103975014671366,0.6076235828375532,0.5826087091191117,0.5767571090496089,0.5610262196335178,0.5540270912215199,976.0,"[[640976, 672914], [651914, 661976]]","[[2843333, 2499547], [2533344, 2809536]]","[[598414, 715476], [592908, 720982]]","[[2611145, 2731735], [2624932, 2717948]]"
Intra,NoNotch,NoArt,NoBurst,TP10_raw_std_LR,Intra|NoNotch|NoArt|NoBurst|TP10_raw_std_LR,25,0.4214352249319936,0.49713316943128544,0.3855712227505173,0.49947565460223897,0.5058541755114235,0.522424262121431,860.0,"[[722975, 749390], [731365, 741000]]","[[3195282, 2795698], [2839255, 3151725]]","[[671306, 801059], [665351, 807014]]","[[2930128, 3060852], [2943897, 3047083]]"
Intra,NoNotch,NoArt,NoBurst,TP10_raw_std_LR,Intra|NoNotch|NoArt|NoBurst|TP10_raw_std_LR,26,0.1536750950765752,0.5354784253363335,0.2014788426526375,0.5549784189689613,0.41929728132387706,0.5729803441498197,462.0,"[[809975, 828630], [816318, 822287]]","[[3565455, 3104685], [3160576, 3509564]]","[[747667, 890938], [741388, 897217]]","[[3264326, 3405814], [3278121, 3392019]]"
Intra,NoNotch,NoArt,NoBurst,TP10_raw_std_LR,Intra|NoNotch|NoArt|NoBurst|TP10_raw_std_LR,27,0.6122199471280941,0.6288564011635923,0.5744549277679598,0.5929244175243376,0.5627356404710406,0.5684533922114421,748.0,"[[901434, 911331], [905373, 907392]]","[[3952672, 3428308], [3494553, 3886427]]","[[827618, 985147], [820961, 991804]]","[[3614316, 3766664], [3627863, 3753117]]"
Intra,NoNotch,NoArt,NoBurst,TP10_raw_std_LR,Intra|NoNotch|NoArt|NoBurst|TP10_raw_std_LR,28,0.7165494505494505,0.5740203965235153,0.5662159618387245,0.5352317765540484,0.49594191522762954,0.5090685499706501,666.0,"[[996474, 999186], [997521, 998139]]","[[4360066, 3774494], [3846271, 4288289]]","[[911606, 1084054], [904553, 1091107]]","[[3985600, 4148960], [3998740, 4135820]]"
Intra,NoNotch,NoArt,NoBurst,TP10_raw_std_LR,Intra|NoNotch|NoArt|NoBurst|TP10_raw_std_LR,30,0.5912155061795097,0.6195830811828268,0.5365302103886537,0.5652142841292122,0.5078397379617748,0.5236363283031716,664.0,"[[1094747, 1092118], [1092783, 1094082]]","[[4784326, 4142254], [4213701, 4712879]]","[[999404, 1187461], [991876, 1194989]]","[[4375736, 4550844], [4388578, 4538002]]"
Intra,NoNotch,NoArt,NoBurst,TP10_raw_std_LR,Intra|NoNotch|NoArt|NoBurst|TP10_raw_std_LR,31,0.4983153846153847,0.5340849056603774,0.48385029382783706,0.5218731582546361,0.49084102564102566,0.511565251572327,736.0,"[[1197136, 1189774], [1192201, 1194709]]","[[5225978, 4529782], [4597351, 5158409]]","[[1091182, 1295728], [1083090, 1303820]]","[[4784301, 4971459], [4796743, 4959017]]"
Inter,NoNotch,NoArt,NoBurst,EI,Inter|NoNotch|NoArt|NoBurst|EI,4,0.9959514170040485,0.8742090609972158,0.6675712347354138,0.6344599559147686,0.5040485829959515,0.4963300430270817,494.0,"[[3, 244], [1, 246]]","[[936, 6966], [994, 6908]]","[[116, 131], [119, 128]]","[[3881, 4021], [3913, 3989]]"
Inter,NoNotch,NoArt,NoBurst,EI,Inter|NoNotch|NoArt|NoBurst|EI,5,0.9782608695652174,0.8751396301352861,0.656934306569343,0.6346820288941897,0.4891304347826087,0.49627652972570435,184.0,"[[0, 92], [2, 90]]","[[946, 7111], [1006, 7051]]","[[47, 45], [40, 52]]","[[4000, 4057], [3955, 4102]]"
Inter,NoNotch,NoArt,NoBurst,EI,Inter|NoNotch|NoArt|NoBurst|EI,6,1.0,0.873819852003062,0.6666666666666666,0.6344310129220508,0.5,0.49649145190099514,622.0,"[[0, 311], [0, 311]]","[[934, 6904], [989, 6849]]","[[138, 173], [161, 150]]","[[3886, 3952], [3838, 4000]]"
Inter,NoNotch,NoArt,NoBurst,EI,Inter|NoNotch|NoArt|NoBurst|EI,7,1.0,0.8749841992162811,0.6666666666666666,0.6347546996790463,0.5,0.49652382758184804,476.0,"[[0, 238], [0, 238]]","[[934, 6977], [989, 6922]]","[[124, 114], [104, 134]]","[[3874, 4037], [3927, 3984]]"
Inter,NoNotch,NoArt,NoBurst,EI,Inter|NoNotch|NoArt|NoBurst|EI,8,0.785,0.16492450638792103,0.5975261655566128,0.24975571623998435,0.47125,0.5045812362885533,800.0,"[[63, 337], [86, 314]]","[[6542, 1207], [6471, 1278]]","[[186, 214], [203, 197]]","[[3847, 3902], [3776, 3973]]"
Inter,NoNotch,NoArt,NoBurst,EI,Inter|NoNotch|NoArt|NoBurst|EI,9,1.0,0.8744239631336406,0.6666666666666666,0.6345859073807423,0.5,0.49647977470558113,674.0,"[[0, 337], [0, 337]]","[[926, 6886], [981, 6831]]","[[164, 173], [160, 177]]","[[3906, 3906], [3785, 4027]]"
Inter,NoNotch,NoArt,NoBurst,EI,Inter|NoNotch|NoArt|NoBurst|EI,10,0.43577981651376146,0.8855125457067204,0.4513064133016627,0.63767194806374,0.4701834862385321,0.496847812381793,436.0,"[[110, 108], [123, 95]]","[[858, 7073], [908, 7023]]","[[103, 115], [103, 115]]","[[3925, 4006], [3896, 4035]]"
Inter,NoNotch,NoArt,NoBurst,EI,Inter|NoNotch|NoArt|NoBurst|EI,11,1.0,0.8725414078674948,0.6666666666666666,0.6339789394509214,0.5,0.4962474120082816,842.0,"[[0, 421], [0, 421]]","[[927, 6801], [985, 6743]]","[[204, 217], [205, 216]]","[[3759, 3969], [3835, 3893]]"
Inter,NoNotch,NoArt,NoBurst,EI,Inter|NoNotch|NoArt|NoBurst|EI,12,1.0,0.8751407481546353,0.6666666666666666,0.6347549909255898,0.5,0.49643438008257224,312.0,"[[0, 156], [0, 156]]","[[941, 7052], [998, 6995]]","[[70, 86], [82, 74]]","[[3927, 4066], [3967, 4026]]"
Inter,NoNotch,NoArt,NoBurst,EI,Inter|NoNotch|NoArt|NoBurst|EI,13,0.978494623655914,0.874587039390089,0.662621359223301,0.6346410953851828,0.5017921146953405,0.49650571791613723,558.0,"[[7, 272], [6, 273]]","[[932, 6938], [987, 6883]]","[[133, 146], [138, 141]]","[[3865, 4005], [3894, 3976]]"
Inter,NoNotch,NoArt,NoBurst,EI,Inter|NoNotch|NoArt|NoBurst|EI,14,0.8839285714285714,0.8764879047740944,0.6265822784810127,0.635486265775798,0.4732142857142857,0.4972481761167285,672.0,"[[21, 315], [39, 297]]","[[922, 6891], [965, 6848]]","[[159, 177], [164, 172]]","[[3855, 3958], [3837, 3976]]"
Inter,NoNotch,NoArt,NoBurst,EI,Inter|NoNotch|NoArt|NoBurst|EI,15,1.0,0.8744239631336406,0.6666666666666666,0.6345859073807423,0.5,0.49647977470558113,674.0,"[[0, 337], [0, 337]]","[[926, 6886], [981, 6831]]","[[167, 170], [157, 180]]","[[3877, 3935], [3814, 3998]]"
Inter,NoNotch,NoArt,NoBurst,EI,Inter|NoNotch|NoArt|NoBurst|EI,17,0.896551724137931,0.8756066411238825,0.6405375139977604,0.6347266583344906,0.49686520376175547,0.4961047254150702,638.0,"[[31, 288], [33, 286]]","[[913, 6917], [974, 6856]]","[[155, 164], [153, 166]]","[[3887, 3943], [3827, 4003]]"
Inter,NoNotch,NoArt,NoBurst,EI,Inter|NoNotch|NoArt|NoBurst|EI,18,1.0,0.8741496598639455,0.6666666666666666,0.6344775198214879,0.5,0.4964024071166928,1010.0,"[[0, 505], [0, 505]]","[[907, 6737], [962, 6682]]","[[253, 252], [248, 257]]","[[3739, 3905], [3779, 3865]]"
Inter,NoNotch,NoArt,NoBurst,EI,Inter|NoNotch|NoArt|NoBurst|EI,20,1.0,0.874463379732015,0.6666666666666666,0.634629909365559,0.5,0.496552621308703,924.0,"[[0, 462], [0, 462]]","[[912, 6775], [965, 6722]]","[[219, 243], [229, 233]]","[[3807, 3880], [3756, 3931]]"
Inter,NoNotch,NoArt,NoBurst,EI,Inter|NoNotch|NoArt|NoBurst|EI,21,0.6851211072664359,0.8755725190839695,0.5781021897810219,0.6346366654371081,0.5,0.4959287531806616,578.0,"[[91, 198], [91, 198]]","[[914, 6946], [978, 6882]]","[[140, 149], [136, 153]]","[[3850, 4010], [3902, 3958]]"
Inter,NoNotch,NoArt,NoBurst,EI,Inter|NoNotch|NoArt|NoBurst|EI,22,1.0,0.8747482376636455,0.6666666666666666,0.6346698328614485,0.5,0.49647532729103727,410.0,"[[0, 205], [0, 205]]","[[939, 7005], [995, 6949]]","[[91, 114], [101, 104]]","[[3919, 4025], [3919, 4025]]"
Inter,NoNotch,NoArt,NoBurst,EI,Inter|NoNotch|NoArt|NoBurst|EI,23,1.0,0.8748053969901401,0.6666666666666666,0.6347249023391538,0.5,0.49656201349247536,882.0,"[[0, 441], [0, 441]]","[[912, 6796], [965, 6743]]","[[208, 233], [219, 222]]","[[3761, 3947], [3818, 3890]]"
Inter,NoNotch,NoArt,NoBurst,EI,Inter|NoNotch|NoArt|NoBurst|EI,24,0.8176229508196722,0.8692076752382195,0.6063829787234043,0.6338584550949503,0.4692622950819672,0.49791149980420313,976.0,"[[59, 429], [89, 399]]","[[970, 6691], [1002, 6659]]","[[246, 242], [234, 254]]","[[3750, 3911], [3788, 3873]]"
Inter,NoNotch,NoArt,NoBurst,EI,Inter|NoNotch|NoArt|NoBurst|EI,25,1.0,0.8745951548127996,0.6666666666666666,0.6346117691295357,0.5,0.49643736235263636,860.0,"[[0, 430], [0, 430]]","[[913, 6806], [968, 6751]]","[[208, 222], [209, 221]]","[[3772, 3947], [3817, 3902]]"
Inter,NoNotch,NoArt,NoBurst,EI,Inter|NoNotch|NoArt|NoBurst|EI,26,0.987012987012987,0.8747158373326598,0.6637554585152838,0.6346559149638047,0.5,0.4964637534730993,462.0,"[[3, 228], [3, 228]]","[[936, 6982], [992, 6926]]","[[106, 125], [114, 117]]","[[3881, 4037], [3928, 3990]]"
Inter,NoNotch,NoArt,NoBurst,EI,Inter|NoNotch|NoArt|NoBurst|EI,27,1.0,0.8743408360128617,0.6666666666666666,0.6344673106537869,0.5,0.4962700964630225,748.0,"[[0, 374], [0, 374]]","[[919, 6856], [977, 6798]]","[[167, 207], [192, 182]]","[[3799, 3976], [3853, 3922]]"
Inter,NoNotch,NoArt,NoBurst,EI,Inter|NoNotch|NoArt|NoBurst|EI,28,0.8198198198198198,0.8803735926305015,0.6176470588235294,0.6363342118647987,0.4924924924924925,0.4968654042988741,666.0,"[[55, 278], [60, 273]]","[[886, 6930], [935, 6881]]","[[162, 171], [160, 173]]","[[3833, 3983], [3863, 3953]]"
Inter,NoNotch,NoArt,NoBurst,EI,Inter|NoNotch|NoArt|NoBurst|EI,30,0.8945783132530121,0.8714340539849047,0.6400862068965517,0.6334976285687715,0.49698795180722893,0.4958423947806064,664.0,"[[33, 299], [35, 297]]","[[940, 6877], [1005, 6812]]","[[167, 165], [153, 179]]","[[3818, 3999], [3880, 3937]]"
Inter,NoNotch,NoArt,NoBurst,EI,Inter|NoNotch|NoArt|NoBurst|EI,31,0.14402173913043478,0.9005269245598252,0.21721311475409835,0.6415491668192639,0.48097826086956524,0.49685130445958103,736.0,"[[301, 67], [315, 53]]","[[725, 7056], [774, 7007]]","[[188, 180], [163, 205]]","[[3798, 3983], [3861, 3920]]"
Inter,NoNotch,NoArt,NoBurst,RF,Inter|NoNotch|NoArt|NoBurst|RF,4,0.8380566801619433,0.8062515818780056,0.6349693251533742,0.6464738711314054,0.5182186234817814,0.5590989622880284,494.0,"[[49, 198], [40, 207]]","[[2465, 5437], [1531, 6371]]","[[116, 131], [119, 128]]","[[3881, 4021], [3913, 3989]]"
Inter,NoNotch,NoArt,NoBurst,RF,Inter|NoNotch|NoArt|NoBurst|RF,5,0.8478260869565217,0.8490753382152166,0.6666666666666666,0.6581681739465076,0.5760869565217391,0.5590170038475859,184.0,"[[28, 64], [14, 78]]","[[2167, 5890], [1216, 6841]]","[[47, 45], [40, 52]]","[[4000, 4057], [3955, 4102]]"
Inter,NoNotch,NoArt,NoBurst,RF,Inter|NoNotch|NoArt|NoBurst|RF,6,0.9903536977491961,0.9108190865016585,0.6784140969162996,0.6568523715324102,0.5305466237942122,0.5241770859913243,622.0,"[[22, 289], [3, 308]]","[[1078, 6760], [699, 7139]]","[[138, 173], [161, 150]]","[[3886, 3952], [3838, 4000]]"
Inter,NoNotch,NoArt,NoBurst,RF,Inter|NoNotch|NoArt|NoBurst|RF,7,0.7478991596638656,0.8143091897358109,0.5993265993265994,0.6474697220965878,0.5,0.5566300088484388,476.0,"[[60, 178], [60, 178]]","[[2365, 5546], [1469, 6442]]","[[124, 114], [104, 134]]","[[3874, 4037], [3927, 3984]]"
Inter,NoNotch,NoArt,NoBurst,RF,Inter|NoNotch|NoArt|NoBurst|RF,8,0.67,0.8408826945412311,0.5763440860215053,0.6525788683024537,0.5075,0.5523293328171377,800.0,"[[138, 262], [132, 268]]","[[2044, 5705], [1233, 6516]]","[[186, 214], [203, 197]]","[[3847, 3902], [3776, 3973]]"
Inter,NoNotch,NoArt,NoBurst,RF,Inter|NoNotch|NoArt|NoBurst|RF,9,0.655786350148368,0.8612391193036354,0.5637755102040817,0.6614885458656966,0.49258160237388726,0.5592677931387608,674.0,"[[111, 226], [116, 221]]","[[2010, 5802], [1084, 6728]]","[[164, 173], [160, 177]]","[[3906, 3906], [3785, 4027]]"
Inter,NoNotch,NoArt,NoBurst,RF,Inter|NoNotch|NoArt|NoBurst|RF,10,0.8394495412844036,0.8155339805825242,0.6172006745362564,0.6476743603865218,0.4793577981651376,0.5563611146135418,436.0,"[[26, 192], [35, 183]]","[[2357, 5574], [1463, 6468]]","[[103, 115], [103, 115]]","[[3925, 4006], [3896, 4035]]"
Inter,NoNotch,NoArt,NoBurst,RF,Inter|NoNotch|NoArt|NoBurst|RF,11,0.9548693586698337,0.9155020703933747,0.6573998364677024,0.6564602180468568,0.502375296912114,0.520898033126294,842.0,"[[21, 400], [19, 402]]","[[976, 6752], [653, 7075]]","[[204, 217], [205, 216]]","[[3759, 3969], [3835, 3893]]"
Inter,NoNotch,NoArt,NoBurst,RF,Inter|NoNotch|NoArt|NoBurst|RF,12,0.9230769230769231,0.851369948705117,0.6651270207852193,0.6505736137667304,0.5352564102564102,0.5427248842737395,312.0,"[[23, 133], [12, 144]]","[[1871, 6122], [1188, 6805]]","[[70, 86], [82, 74]]","[[3927, 4066], [3967, 4026]]"
Inter,NoNotch,NoArt,NoBurst,RF,Inter|NoNotch|NoArt|NoBurst|RF,13,0.6845878136200717,0.7363405336721728,0.5744360902255639,0.623721881390593,0.492831541218638,0.5557814485387548,558.0,"[[84, 195], [88, 191]]","[[2953, 4917], [2075, 5795]]","[[133, 146], [138, 141]]","[[3865, 4005], [3894, 3976]]"
Inter,NoNotch,NoArt,NoBurst,RF,Inter|NoNotch|NoArt|NoBurst|RF,14,0.8303571428571429,0.821451427108665,0.636986301369863,0.6517390200558517,0.5267857142857143,0.5610520926660694,672.0,"[[75, 261], [57, 279]]","[[2349, 5464], [1395, 6418]]","[[159, 177], [164, 172]]","[[3855, 3958], [3837, 3976]]"
Inter,NoNotch,NoArt,NoBurst,RF,Inter|NoNotch|NoArt|NoBurst|RF,15,0.6765578635014837,0.8520225294418843,0.6015831134564644,0.657577553843114,0.5519287833827893,0.5563236047107015,674.0,"[[144, 193], [109, 228]]","[[2036, 5776], [1156, 6656]]","[[167, 170], [157, 180]]","[[3877, 3935], [3814, 3998]]"
Inter,NoNotch,NoArt,NoBurst,RF,Inter|NoNotch|NoArt|NoBurst|RF,17,0.9216300940438872,0.9079182630906769,0.6475770925110133,0.6585151220415913,0.49843260188087773,0.5291826309067689,638.0,"[[24, 295], [25, 294]]","[[1178, 6652], [721, 7109]]","[[155, 164], [153, 166]]","[[3887, 3943], [3827, 4003]]"
Inter,NoNotch,NoArt,NoBurst,RF,Inter|NoNotch|NoArt|NoBurst|RF,18,0.8831683168316832,0.8316326530612245,0.6339729921819474,0.6537769321746285,0.4900990099009901,0.559589220303506,1010.0,"[[49, 456], [59, 446]]","[[2198, 5446], [1287, 6357]]","[[253, 252], [248, 257]]","[[3739, 3905], [3779, 3865]]"
Inter,NoNotch,NoArt,NoBurst,RF,Inter|NoNotch|NoArt|NoBurst|RF,20,0.7272727272727273,0.8238584623390139,0.5968028419182948,0.6514426785989816,0.5086580086580087,0.5591908416807597,924.0,"[[134, 328], [126, 336]]","[[2264, 5423], [1354, 6333]]","[[219, 243], [229, 233]]","[[3807, 3880], [3756, 3931]]"
Inter,NoNotch,NoArt,NoBurst,RF,Inter|NoNotch|NoArt|NoBurst|RF,21,0.8788927335640139,0.8321882951653944,0.6529562982005142,0.6565950612326842,0.532871972318339,0.5647582697201018,578.0,"[[54, 235], [35, 254]]","[[2337, 5523], [1319, 6541]]","[[140, 149], [136, 153]]","[[3850, 4010], [3902, 3958]]"
Inter,NoNotch,NoArt,NoBurst,RF,Inter|NoNotch|NoArt|NoBurst|RF,22,0.8634146341463415,0.9068479355488419,0.6691871455576559,0.6566701608860125,0.573170731707317,0.5258685800604229,410.0,"[[58, 147], [28, 177]]","[[1151, 6793], [740, 7204]]","[[91, 114], [101, 104]]","[[3919, 4025], [3919, 4025]]"
Inter,NoNotch,NoArt,NoBurst,RF,Inter|NoNotch|NoArt|NoBurst|RF,23,0.9387755102040817,0.9195640892579139,0.6509433962264151,0.6580327716659704,0.4965986394557823,0.5221198754540737,882.0,"[[24, 417], [27, 414]]","[[961, 6747], [620, 7088]]","[[208, 233], [219, 222]]","[[3761, 3947], [3818, 3890]]"
Inter,NoNotch,NoArt,NoBurst,RF,Inter|NoNotch|NoArt|NoBurst|RF,24,0.6721311475409836,0.8262628899621459,0.5872873769024172,0.6504315659679408,0.5276639344262295,0.5559326458686855,976.0,"[[187, 301], [160, 328]]","[[2188, 5473], [1331, 6330]]","[[246, 242], [234, 254]]","[[3750, 3911], [3788, 3873]]"
Inter,NoNotch,NoArt,NoBurst,RF,Inter|NoNotch|NoArt|NoBurst|RF,25,0.9418604651162791,0.9182536598004923,0.6683168316831684,0.659778460392814,0.5325581395348837,0.5264930690503952,860.0,"[[53, 377], [25, 405]]","[[1040, 6679], [631, 7088]]","[[208, 222], [209, 221]]","[[3772, 3947], [3817, 3902]]"
Inter,NoNotch,NoArt,NoBurst,RF,Inter|NoNotch|NoArt|NoBurst|RF,26,0.922077922077922,0.9103308916393028,0.6533742331288344,0.6552727272727272,0.5108225108225108,0.5210911846425865,462.0,"[[23, 208], [18, 213]]","[[1044, 6874], [710, 7208]]","[[106, 125], [114, 117]]","[[3881, 4037], [3928, 3990]]"
Inter,NoNotch,NoArt,NoBurst,RF,Inter|NoNotch|NoArt|NoBurst|RF,27,0.8716577540106952,0.8772990353697749,0.6411012782694199,0.6572557332819425,0.5120320855614974,0.542508038585209,748.0,"[[57, 317], [48, 326]]","[[1615, 6160], [954, 6821]]","[[167, 207], [192, 182]]","[[3799, 3976], [3853, 3922]]"
Inter,NoNotch,NoArt,NoBurst,RF,Inter|NoNotch|NoArt|NoBurst|RF,28,0.9099099099099099,0.9066018423746162,0.6488222698072805,0.6562022503125434,0.5075075075075075,0.5250127942681678,666.0,"[[35, 298], [30, 303]]","[[1121, 6695], [730, 7086]]","[[162, 171], [160, 173]]","[[3833, 3983], [3863, 3953]]"
Inter,NoNotch,NoArt,NoBurst,RF,Inter|NoNotch|NoArt|NoBurst|RF,30,0.858433734939759,0.8429064858641423,0.6544202066590127,0.6473130955889577,0.5466867469879518,0.5407445311500576,664.0,"[[78, 254], [47, 285]]","[[1865, 5952], [1228, 6589]]","[[167, 165], [153, 179]]","[[3818, 3999], [3880, 3937]]"
Inter,NoNotch,NoArt,NoBurst,RF,Inter|NoNotch|NoArt|NoBurst|RF,31,0.8315217391304348,0.8660840508932014,0.6476190476190476,0.6534787878787879,0.5475543478260869,0.5407402647474617,736.0,"[[97, 271], [62, 306]]","[[1676, 6105], [1042, 6739]]","[[188, 180], [163, 205]]","[[3798, 3983], [3861, 3920]]"
Inter,NoNotch,NoArt,NoBurst,AF7_high_gamma_mean_LR,Inter|NoNotch|NoArt|NoBurst|AF7_high_gamma_mean_LR,4,0.3765182186234818,0.5968109339407744,0.4246575342465753,0.546370850952905,0.4898785425101215,0.5044925335358137,494.0,"[[149, 98], [154, 93]]","[[3257, 4645], [3186, 4716]]","[[116, 131], [119, 128]]","[[3881, 4021], [3913, 3989]]"
Inter,NoNotch,NoArt,NoBurst,AF7_high_gamma_mean_LR,Inter|NoNotch|NoArt|NoBurst|AF7_high_gamma_mean_LR,5,0.6304347826086957,0.5921558892888171,0.5714285714285714,0.5441998403102544,0.5271739130434783,0.5040337594638202,184.0,"[[39, 53], [34, 58]]","[[3351, 4706], [3286, 4771]]","[[47, 45], [40, 52]]","[[4000, 4057], [3955, 4102]]"
Inter,NoNotch,NoArt,NoBurst,AF7_high_gamma_mean_LR,Inter|NoNotch|NoArt|NoBurst|AF7_high_gamma_mean_LR,6,0.003215434083601286,0.6098494513906609,0.006191950464396285,0.5518993187853597,0.48392282958199356,0.5048481755549885,622.0,"[[300, 11], [310, 1]]","[[3134, 4704], [3058, 4780]]","[[138, 173], [161, 150]]","[[3886, 3952], [3838, 4000]]"
Inter,NoNotch,NoArt,NoBurst,AF7_high_gamma_mean_LR,Inter|NoNotch|NoArt|NoBurst|AF7_high_gamma_mean_LR,7,0.5966386554621849,0.5943622803691063,0.5211009174311927,0.5460774635619302,0.45168067226890757,0.5059410946782961,476.0,"[[73, 165], [96, 142]]","[[3303, 4608], [3209, 4702]]","[[124, 114], [104, 134]]","[[3874, 4037], [3927, 3984]]"
Inter,NoNotch,NoArt,NoBurst,AF7_high_gamma_mean_LR,Inter|NoNotch|NoArt|NoBurst|AF7_high_gamma_mean_LR,8,0.99,0.5796877016389211,0.6622073578595318,0.538964544963705,0.495,0.5041295651051748,800.0,"[[0, 400], [4, 396]]","[[3321, 4428], [3257, 4492]]","[[186, 214], [203, 197]]","[[3847, 3902], [3776, 3973]]"
Inter,NoNotch,NoArt,NoBurst,AF7_high_gamma_mean_LR,Inter|NoNotch|NoArt|NoBurst|AF7_high_gamma_mean_LR,9,0.0,0.5944700460829493,0.0,0.5451344054466487,0.5,0.503968253968254,674.0,"[[337, 0], [337, 0]]","[[3230, 4582], [3168, 4644]]","[[164, 173], [160, 177]]","[[3906, 3906], [3785, 4027]]"
Inter,NoNotch,NoArt,NoBurst,AF7_high_gamma_mean_LR,Inter|NoNotch|NoArt|NoBurst|AF7_high_gamma_mean_LR,10,0.7798165137614679,0.5897112596141723,0.6007067137809188,0.5436791630340018,0.481651376146789,0.5050435001891312,436.0,"[[40, 178], [48, 170]]","[[3334, 4597], [3254, 4677]]","[[103, 115], [103, 115]]","[[3925, 4006], [3896, 4035]]"
Inter,NoNotch,NoArt,NoBurst,AF7_high_gamma_mean_LR,Inter|NoNotch|NoArt|NoBurst|AF7_high_gamma_mean_LR,11,0.6484560570071259,0.5918737060041408,0.5909090909090909,0.5430046892621831,0.5510688836104513,0.5018762939958592,842.0,"[[191, 230], [148, 273]]","[[3183, 4545], [3154, 4574]]","[[204, 217], [205, 216]]","[[3759, 3969], [3835, 3893]]"
Inter,NoNotch,NoArt,NoBurst,AF7_high_gamma_mean_LR,Inter|NoNotch|NoArt|NoBurst|AF7_high_gamma_mean_LR,12,0.41025641025641024,0.5953959714750406,0.460431654676259,0.5454128703226176,0.5192307692307693,0.5037532841236082,312.0,"[[98, 58], [92, 64]]","[[3294, 4699], [3234, 4759]]","[[70, 86], [82, 74]]","[[3927, 4066], [3967, 4026]]"
Inter,NoNotch,NoArt,NoBurst,AF7_high_gamma_mean_LR,Inter|NoNotch|NoArt|NoBurst|AF7_high_gamma_mean_LR,13,0.9139784946236559,0.5847522236340533,0.6415094339622641,0.5414117647058824,0.489247311827957,0.5047013977128335,558.0,"[[18, 261], [24, 255]]","[[3342, 4528], [3268, 4602]]","[[133, 146], [138, 141]]","[[3865, 4005], [3894, 3976]]"
Inter,NoNotch,NoArt,NoBurst,AF7_high_gamma_mean_LR,Inter|NoNotch|NoArt|NoBurst|AF7_high_gamma_mean_LR,14,1.0,0.5850505567643671,0.6686567164179105,0.5407867494824017,0.5044642857142857,0.5031997952131063,672.0,"[[3, 333], [0, 336]]","[[3292, 4521], [3242, 4571]]","[[159, 177], [164, 172]]","[[3855, 3958], [3837, 3976]]"
Inter,NoNotch,NoArt,NoBurst,AF7_high_gamma_mean_LR,Inter|NoNotch|NoArt|NoBurst|AF7_high_gamma_mean_LR,15,1.0,0.6235279057859703,0.6686507936507936,0.5564313456705506,0.5044510385756676,0.5029441884280594,674.0,"[[3, 334], [0, 337]]","[[2987, 4825], [2941, 4871]]","[[167, 170], [157, 180]]","[[3877, 3935], [3814, 3998]]"
Inter,NoNotch,NoArt,NoBurst,AF7_high_gamma_mean_LR,Inter|NoNotch|NoArt|NoBurst|AF7_high_gamma_mean_LR,17,0.0,0.5319284802043422,0.0,0.5154384010890415,0.5,0.49993614303959133,638.0,"[[319, 0], [319, 0]]","[[3664, 4166], [3665, 4165]]","[[155, 164], [153, 166]]","[[3887, 3943], [3827, 4003]]"
Inter,NoNotch,NoArt,NoBurst,AF7_high_gamma_mean_LR,Inter|NoNotch|NoArt|NoBurst|AF7_high_gamma_mean_LR,18,0.3603960396039604,0.6012558869701727,0.4212962962962963,0.5479909383569811,0.504950495049505,0.5040554683411826,1010.0,"[[328, 177], [323, 182]]","[[3110, 4534], [3048, 4596]]","[[253, 252], [248, 257]]","[[3739, 3905], [3779, 3865]]"
Inter,NoNotch,NoArt,NoBurst,AF7_high_gamma_mean_LR,Inter|NoNotch|NoArt|NoBurst|AF7_high_gamma_mean_LR,20,0.9935064935064936,0.6345778587225185,0.6671511627906976,0.5608508192009198,0.5043290043290043,0.5031221542864577,924.0,"[[7, 455], [3, 459]]","[[2857, 4830], [2809, 4878]]","[[219, 243], [229, 233]]","[[3807, 3880], [3756, 3931]]"
Inter,NoNotch,NoArt,NoBurst,AF7_high_gamma_mean_LR,Inter|NoNotch|NoArt|NoBurst|AF7_high_gamma_mean_LR,21,0.17993079584775087,0.5753180661577608,0.2751322751322751,0.5362903225806451,0.5259515570934256,0.5025445292620865,578.0,"[[252, 37], [237, 52]]","[[3378, 4482], [3338, 4522]]","[[140, 149], [136, 153]]","[[3850, 4010], [3902, 3958]]"
Inter,NoNotch,NoArt,NoBurst,AF7_high_gamma_mean_LR,Inter|NoNotch|NoArt|NoBurst|AF7_high_gamma_mean_LR,22,0.5073170731707317,0.5945367573011078,0.5292620865139949,0.5447206043480768,0.5487804878048781,0.5030840886203424,410.0,"[[121, 84], [101, 104]]","[[3270, 4674], [3221, 4723]]","[[91, 114], [101, 104]]","[[3919, 4025], [3919, 4025]]"
Inter,NoNotch,NoArt,NoBurst,AF7_high_gamma_mean_LR,Inter|NoNotch|NoArt|NoBurst|AF7_high_gamma_mean_LR,23,0.2222222222222222,0.5985988583290088,0.2934131736526946,0.5480460862335195,0.46485260770975056,0.5063570316554229,882.0,"[[312, 129], [343, 98]]","[[3192, 4516], [3094, 4614]]","[[208, 233], [219, 222]]","[[3761, 3947], [3818, 3890]]"
Inter,NoNotch,NoArt,NoBurst,AF7_high_gamma_mean_LR,Inter|NoNotch|NoArt|NoBurst|AF7_high_gamma_mean_LR,24,0.9139344262295082,0.5768176478266545,0.6651752423564504,0.5364817287847518,0.5399590163934426,0.5016316407779663,976.0,"[[81, 407], [42, 446]]","[[3267, 4394], [3242, 4419]]","[[246, 242], [234, 254]]","[[3750, 3911], [3788, 3873]]"
Inter,NoNotch,NoArt,NoBurst,AF7_high_gamma_mean_LR,Inter|NoNotch|NoArt|NoBurst|AF7_high_gamma_mean_LR,25,0.9767441860465116,0.6267651250161939,0.6577916992952232,0.5584670437492786,0.49186046511627907,0.5044694908666926,860.0,"[[3, 427], [10, 420]]","[[2950, 4769], [2881, 4838]]","[[208, 222], [209, 221]]","[[3772, 3947], [3817, 3902]]"
Inter,NoNotch,NoArt,NoBurst,AF7_high_gamma_mean_LR,Inter|NoNotch|NoArt|NoBurst|AF7_high_gamma_mean_LR,26,0.9956709956709957,0.5929527658499621,0.6676342525399129,0.5439063948100092,0.5043290043290043,0.5027784794139935,462.0,"[[3, 228], [1, 230]]","[[3267, 4651], [3223, 4695]]","[[106, 125], [114, 117]]","[[3881, 4037], [3928, 3990]]"
Inter,NoNotch,NoArt,NoBurst,AF7_high_gamma_mean_LR,Inter|NoNotch|NoArt|NoBurst|AF7_high_gamma_mean_LR,27,0.9973262032085561,0.5894533762057877,0.6678603401969562,0.5418859000886787,0.5040106951871658,0.5016720257234727,748.0,"[[4, 370], [1, 373]]","[[3218, 4557], [3192, 4583]]","[[167, 207], [192, 182]]","[[3799, 3976], [3853, 3922]]"
Inter,NoNotch,NoArt,NoBurst,AF7_high_gamma_mean_LR,Inter|NoNotch|NoArt|NoBurst|AF7_high_gamma_mean_LR,28,0.018018018018018018,0.5255885363357216,0.03529411764705882,0.5124750499001997,0.5075075075075075,0.5,666.0,"[[332, 1], [327, 6]]","[[3708, 4108], [3708, 4108]]","[[162, 171], [160, 173]]","[[3833, 3983], [3863, 3953]]"
Inter,NoNotch,NoArt,NoBurst,AF7_high_gamma_mean_LR,Inter|NoNotch|NoArt|NoBurst|AF7_high_gamma_mean_LR,30,1.0,0.584239478060637,0.6666666666666666,0.5406973302551352,0.5,0.5037098631188436,664.0,"[[0, 332], [0, 332]]","[[3308, 4509], [3250, 4567]]","[[167, 165], [153, 179]]","[[3818, 3999], [3880, 3937]]"
Inter,NoNotch,NoArt,NoBurst,AF7_high_gamma_mean_LR,Inter|NoNotch|NoArt|NoBurst|AF7_high_gamma_mean_LR,31,0.0,0.6116180439532194,0.0,0.5523444753946146,0.5,0.504305359208328,736.0,"[[368, 0], [368, 0]]","[[3089, 4692], [3022, 4759]]","[[188, 180], [163, 205]]","[[3798, 3983], [3861, 3920]]"
Inter,NoNotch,NoArt,NoBurst,AF8_delta_peakfreq_LR,Inter|NoNotch|NoArt|NoBurst|AF8_delta_peakfreq_LR,4,0.5222672064777328,0.7356365477094406,0.5088757396449705,0.600733736371622,0.4959514170040486,0.5110731460389775,494.0,"[[116, 131], [118, 129]]","[[2264, 5638], [2089, 5813]]","[[116, 131], [119, 128]]","[[3881, 4021], [3913, 3989]]"
Inter,NoNotch,NoArt,NoBurst,AF8_delta_peakfreq_LR,Inter|NoNotch|NoArt|NoBurst|AF8_delta_peakfreq_LR,5,0.6630434782608695,0.729924289437756,0.5893719806763285,0.5984836920571923,0.5380434782608695,0.5103016010922179,184.0,"[[38, 54], [31, 61]]","[[2342, 5715], [2176, 5881]]","[[47, 45], [40, 52]]","[[4000, 4057], [3955, 4102]]"
Inter,NoNotch,NoArt,NoBurst,AF8_delta_peakfreq_LR,Inter|NoNotch|NoArt|NoBurst|AF8_delta_peakfreq_LR,6,0.7588424437299035,0.7279918346516968,0.6051282051282051,0.5981132075471698,0.5048231511254019,0.5108446032151059,622.0,"[[78, 233], [75, 236]]","[[2302, 5536], [2132, 5706]]","[[138, 173], [161, 150]]","[[3886, 3952], [3838, 4000]]"
Inter,NoNotch,NoArt,NoBurst,AF8_delta_peakfreq_LR,Inter|NoNotch|NoArt|NoBurst|AF8_delta_peakfreq_LR,7,0.7647058823529411,0.7281001137656428,0.591869918699187,0.5985970381917382,0.4726890756302521,0.5117557830868411,476.0,"[[43, 195], [56, 182]]","[[2337, 5574], [2151, 5760]]","[[124, 114], [104, 134]]","[[3874, 4037], [3927, 3984]]"
Inter,NoNotch,NoArt,NoBurst,AF8_delta_peakfreq_LR,Inter|NoNotch|NoArt|NoBurst|AF8_delta_peakfreq_LR,8,0.6675,0.7323525616208543,0.5754310344827587,0.5995140502852313,0.5075,0.5107755839463156,800.0,"[[139, 261], [133, 267]]","[[2241, 5508], [2074, 5675]]","[[186, 214], [203, 197]]","[[3847, 3902], [3776, 3973]]"
Inter,NoNotch,NoArt,NoBurst,AF8_delta_peakfreq_LR,Inter|NoNotch|NoArt|NoBurst|AF8_delta_peakfreq_LR,9,0.8427299703264095,0.7242703533026114,0.6234906695938529,0.597181909335585,0.4910979228486647,0.5114567332309268,674.0,"[[47, 290], [53, 284]]","[[2333, 5479], [2154, 5658]]","[[164, 173], [160, 177]]","[[3906, 3906], [3785, 4027]]"
Inter,NoNotch,NoArt,NoBurst,AF8_delta_peakfreq_LR,Inter|NoNotch|NoArt|NoBurst|AF8_delta_peakfreq_LR,10,0.7385321100917431,0.7289118648341949,0.6098484848484849,0.5980757293606456,0.5275229357798165,0.5101500441306267,436.0,"[[69, 149], [57, 161]]","[[2311, 5620], [2150, 5781]]","[[103, 115], [103, 115]]","[[3925, 4006], [3896, 4035]]"
Inter,NoNotch,NoArt,NoBurst,AF8_delta_peakfreq_LR,Inter|NoNotch|NoArt|NoBurst|AF8_delta_peakfreq_LR,11,0.32304038004750596,0.7512939958592133,0.38912732474964234,0.6060226501748343,0.49287410926365793,0.5115812629399586,842.0,"[[279, 142], [285, 136]]","[[2101, 5627], [1922, 5806]]","[[204, 217], [205, 216]]","[[3759, 3969], [3835, 3893]]"
Inter,NoNotch,NoArt,NoBurst,AF8_delta_peakfreq_LR,Inter|NoNotch|NoArt|NoBurst|AF8_delta_peakfreq_LR,12,0.8461538461538461,0.7268860252721131,0.6534653465346535,0.5972450657894737,0.5512820512820513,0.5098210934567747,312.0,"[[40, 116], [24, 132]]","[[2340, 5653], [2183, 5810]]","[[70, 86], [82, 74]]","[[3927, 4066], [3967, 4026]]"
Inter,NoNotch,NoArt,NoBurst,AF8_delta_peakfreq_LR,Inter|NoNotch|NoArt|NoBurst|AF8_delta_peakfreq_LR,13,0.6129032258064516,0.7332909783989835,0.5606557377049181,0.5995844155844156,0.5197132616487455,0.510292249047014,558.0,"[[119, 160], [108, 171]]","[[2261, 5609], [2099, 5771]]","[[133, 146], [138, 141]]","[[3865, 4005], [3894, 3976]]"
Inter,NoNotch,NoArt,NoBurst,AF8_delta_peakfreq_LR,Inter|NoNotch|NoArt|NoBurst|AF8_delta_peakfreq_LR,14,0.7708333333333334,0.727377447843338,0.6203592814371257,0.5974244415243101,0.5282738095238095,0.5098553692563675,672.0,"[[96, 240], [77, 259]]","[[2284, 5529], [2130, 5683]]","[[159, 177], [164, 172]]","[[3855, 3958], [3837, 3976]]"
Inter,NoNotch,NoArt,NoBurst,AF8_delta_peakfreq_LR,Inter|NoNotch|NoArt|NoBurst|AF8_delta_peakfreq_LR,15,0.9317507418397626,0.7204301075268817,0.6548488008342023,0.5955240463467542,0.5089020771513353,0.5106886840757808,674.0,"[[29, 308], [23, 314]]","[[2351, 5461], [2184, 5628]]","[[167, 170], [157, 180]]","[[3877, 3935], [3814, 3998]]"
Inter,NoNotch,NoArt,NoBurst,AF8_delta_peakfreq_LR,Inter|NoNotch|NoArt|NoBurst|AF8_delta_peakfreq_LR,17,0.3605015673981191,0.7441890166028097,0.4144144144144144,0.6036778036778037,0.49059561128526646,0.5114303959131545,638.0,"[[198, 121], [204, 115]]","[[2182, 5648], [2003, 5827]]","[[155, 164], [153, 166]]","[[3887, 3943], [3827, 4003]]"
Inter,NoNotch,NoArt,NoBurst,AF8_delta_peakfreq_LR,Inter|NoNotch|NoArt|NoBurst|AF8_delta_peakfreq_LR,18,0.7148514851485148,0.7301151229722659,0.5785256410256411,0.5997206103589082,0.4792079207920792,0.5126896912611199,1010.0,"[[123, 382], [144, 361]]","[[2257, 5387], [2063, 5581]]","[[253, 252], [248, 257]]","[[3739, 3905], [3779, 3865]]"
Inter,NoNotch,NoArt,NoBurst,AF8_delta_peakfreq_LR,Inter|NoNotch|NoArt|NoBurst|AF8_delta_peakfreq_LR,20,0.8787878787878788,0.7201769220762326,0.641390205371248,0.595460901366032,0.5086580086580087,0.5107324053596982,924.0,"[[64, 398], [56, 406]]","[[2316, 5371], [2151, 5536]]","[[219, 243], [229, 233]]","[[3807, 3880], [3756, 3931]]"
Inter,NoNotch,NoArt,NoBurst,AF8_delta_peakfreq_LR,Inter|NoNotch|NoArt|NoBurst|AF8_delta_peakfreq_LR,21,0.7439446366782007,0.7286259541984733,0.622286541244573,0.5975272575512546,0.5484429065743944,0.5092239185750637,578.0,"[[102, 187], [74, 215]]","[[2278, 5582], [2133, 5727]]","[[140, 149], [136, 153]]","[[3850, 4010], [3902, 3958]]"
Inter,NoNotch,NoArt,NoBurst,AF8_delta_peakfreq_LR,Inter|NoNotch|NoArt|NoBurst|AF8_delta_peakfreq_LR,22,0.7560975609756098,0.7284743202416919,0.62,0.5978305785123967,0.5365853658536586,0.509944612286002,410.0,"[[65, 140], [50, 155]]","[[2315, 5629], [2157, 5787]]","[[91, 114], [101, 104]]","[[3919, 4025], [3919, 4025]]"
Inter,NoNotch,NoArt,NoBurst,AF8_delta_peakfreq_LR,Inter|NoNotch|NoArt|NoBurst|AF8_delta_peakfreq_LR,23,0.9342403628117913,0.7174364296834458,0.6513833992094862,0.594783543963431,0.5,0.51122210690192,882.0,"[[29, 412], [29, 412]]","[[2351, 5357], [2178, 5530]]","[[208, 233], [219, 222]]","[[3761, 3947], [3818, 3890]]"
Inter,NoNotch,NoArt,NoBurst,AF8_delta_peakfreq_LR,Inter|NoNotch|NoArt|NoBurst|AF8_delta_peakfreq_LR,24,0.6782786885245902,0.7324109124135231,0.5643648763853367,0.6005244287472574,0.4764344262295082,0.512792063699256,976.0,"[[134, 354], [157, 331]]","[[2246, 5415], [2050, 5611]]","[[246, 242], [234, 254]]","[[3750, 3911], [3788, 3873]]"
Inter,NoNotch,NoArt,NoBurst,AF8_delta_peakfreq_LR,Inter|NoNotch|NoArt|NoBurst|AF8_delta_peakfreq_LR,25,0.6488372093023256,0.7336442544371032,0.5849056603773585,0.5990690785993864,0.5395348837209303,0.5090037569633372,860.0,"[[185, 245], [151, 279]]","[[2195, 5524], [2056, 5663]]","[[208, 222], [209, 221]]","[[3772, 3947], [3817, 3902]]"
Inter,NoNotch,NoArt,NoBurst,AF8_delta_peakfreq_LR,Inter|NoNotch|NoArt|NoBurst|AF8_delta_peakfreq_LR,26,0.9437229437229437,0.722909825713564,0.6586102719033232,0.5963121158454006,0.5108225108225108,0.5106087395807022,462.0,"[[18, 213], [13, 218]]","[[2362, 5556], [2194, 5724]]","[[106, 125], [114, 117]]","[[3881, 4037], [3928, 3990]]"
Inter,NoNotch,NoArt,NoBurst,AF8_delta_peakfreq_LR,Inter|NoNotch|NoArt|NoBurst|AF8_delta_peakfreq_LR,27,0.8877005347593583,0.7215434083601286,0.6574257425742575,0.5952254641909814,0.5374331550802139,0.5093247588424438,748.0,"[[70, 304], [42, 332]]","[[2310, 5465], [2165, 5610]]","[[167, 207], [192, 182]]","[[3799, 3976], [3853, 3922]]"
Inter,NoNotch,NoArt,NoBurst,AF8_delta_peakfreq_LR,Inter|NoNotch|NoArt|NoBurst|AF8_delta_peakfreq_LR,28,0.9369369369369369,0.720317297850563,0.6624203821656051,0.5952003383021461,0.5225225225225225,0.5101074718526101,666.0,"[[36, 297], [21, 312]]","[[2344, 5472], [2186, 5630]]","[[162, 171], [160, 173]]","[[3833, 3983], [3863, 3953]]"
Inter,NoNotch,NoArt,NoBurst,AF8_delta_peakfreq_LR,Inter|NoNotch|NoArt|NoBurst|AF8_delta_peakfreq_LR,30,0.6265060240963856,0.733529487015479,0.5834502103786816,0.5989450044393377,0.552710843373494,0.5088269156965588,664.0,"[[159, 173], [124, 208]]","[[2221, 5596], [2083, 5734]]","[[167, 165], [153, 179]]","[[3818, 3999], [3880, 3937]]"
Inter,NoNotch,NoArt,NoBurst,AF8_delta_peakfreq_LR,Inter|NoNotch|NoArt|NoBurst|AF8_delta_peakfreq_LR,31,0.7228260869565217,0.7294692198946151,0.5924276169265034,0.5986710262630525,0.5027173913043478,0.5109883048451356,736.0,"[[104, 264], [102, 266]]","[[2276, 5505], [2105, 5676]]","[[188, 180], [163, 205]]","[[3798, 3983], [3861, 3920]]"
Inter,NoNotch,NoArt,NoBurst,TP10_raw_std_LR,Inter|NoNotch|NoArt|NoBurst|TP10_raw_std_LR,4,0.4291497975708502,0.47962541128828146,0.4588744588744589,0.49458436643612164,0.4939271255060729,0.5098709187547457,494.0,"[[138, 109], [141, 106]]","[[4268, 3634], [4112, 3790]]","[[116, 131], [119, 128]]","[[3881, 4021], [3913, 3989]]"
Inter,NoNotch,NoArt,NoBurst,TP10_raw_std_LR,Inter|NoNotch|NoArt|NoBurst|TP10_raw_std_LR,5,0.40217391304347827,0.47995531835670846,0.4774193548387097,0.4940590264469145,0.5597826086956522,0.5085019237929751,184.0,"[[66, 26], [55, 37]]","[[4327, 3730], [4190, 3867]]","[[47, 45], [40, 52]]","[[4000, 4057], [3955, 4102]]"
Inter,NoNotch,NoArt,NoBurst,TP10_raw_std_LR,Inter|NoNotch|NoArt|NoBurst|TP10_raw_std_LR,6,0.38263665594855306,0.48162796631793825,0.4182776801405975,0.4963513246992308,0.4678456591639871,0.5112911457004338,622.0,"[[172, 139], [192, 119]]","[[4240, 3598], [4063, 3775]]","[[138, 173], [161, 150]]","[[3886, 3952], [3838, 4000]]"
Inter,NoNotch,NoArt,NoBurst,TP10_raw_std_LR,Inter|NoNotch|NoArt|NoBurst|TP10_raw_std_LR,7,0.5756302521008403,0.4829983567184932,0.5320388349514563,0.49691137265101765,0.49369747899159666,0.5109973454683352,476.0,"[[98, 140], [101, 137]]","[[4264, 3647], [4090, 3821]]","[[124, 114], [104, 134]]","[[3874, 4037], [3927, 3984]]"
Inter,NoNotch,NoArt,NoBurst,TP10_raw_std_LR,Inter|NoNotch|NoArt|NoBurst|TP10_raw_std_LR,8,0.42,0.4799328945670409,0.45652173913043476,0.4949427734894863,0.5,0.5102593883081687,800.0,"[[232, 168], [232, 168]]","[[4189, 3560], [4030, 3719]]","[[186, 214], [203, 197]]","[[3847, 3902], [3776, 3973]]"
Inter,NoNotch,NoArt,NoBurst,TP10_raw_std_LR,Inter|NoNotch|NoArt|NoBurst|TP10_raw_std_LR,9,0.9970326409495549,0.48476702508960573,0.6653465346534654,0.49858468830228425,0.49851632047477745,0.5124807987711214,674.0,"[[0, 337], [1, 336]]","[[4220, 3592], [4025, 3787]]","[[164, 173], [160, 177]]","[[3906, 3906], [3785, 4027]]"
Inter,NoNotch,NoArt,NoBurst,TP10_raw_std_LR,Inter|NoNotch|NoArt|NoBurst|TP10_raw_std_LR,10,0.2981651376146789,0.4807716555289371,0.3735632183908046,0.495323460639127,0.5,0.5101500441306267,436.0,"[[153, 65], [153, 65]]","[[4279, 3652], [4118, 3813]]","[[103, 115], [103, 115]]","[[3925, 4006], [3896, 4035]]"
Inter,NoNotch,NoArt,NoBurst,TP10_raw_std_LR,Inter|NoNotch|NoArt|NoBurst|TP10_raw_std_LR,11,0.49643705463182897,0.4758022774327122,0.5122549019607843,0.4920709267313483,0.5273159144893111,0.5088638716356108,842.0,"[[235, 186], [212, 209]]","[[4188, 3540], [4051, 3677]]","[[204, 217], [205, 216]]","[[3759, 3969], [3835, 3893]]"
Inter,NoNotch,NoArt,NoBurst,TP10_raw_std_LR,Inter|NoNotch|NoArt|NoBurst|TP10_raw_std_LR,12,1.0,0.48742649818591266,0.6666666666666666,0.4995191999487147,0.5,0.5116351807831853,312.0,"[[0, 156], [0, 156]]","[[4283, 3710], [4097, 3896]]","[[70, 86], [82, 74]]","[[3927, 4066], [3967, 4026]]"
Inter,NoNotch,NoArt,NoBurst,TP10_raw_std_LR,Inter|NoNotch|NoArt|NoBurst|TP10_raw_std_LR,13,0.3978494623655914,0.48055908513341805,0.441351888667992,0.4953179228603235,0.496415770609319,0.5103557814485388,558.0,"[[166, 113], [168, 111]]","[[4251, 3619], [4088, 3782]]","[[133, 146], [138, 141]]","[[3865, 4005], [3894, 3976]]"
Inter,NoNotch,NoArt,NoBurst,TP10_raw_std_LR,Inter|NoNotch|NoArt|NoBurst|TP10_raw_std_LR,14,0.0,0.48739280686036096,0.0,0.4989844722531612,0.49702380952380953,0.5106233201075131,672.0,"[[334, 2], [336, 0]]","[[4171, 3642], [4005, 3808]]","[[159, 177], [164, 172]]","[[3855, 3958], [3837, 3976]]"
Inter,NoNotch,NoArt,NoBurst,TP10_raw_std_LR,Inter|NoNotch|NoArt|NoBurst|TP10_raw_std_LR,15,0.5103857566765578,0.47708653353814645,0.4985507246376812,0.49334833542921436,0.486646884272997,0.5100486431131592,674.0,"[[156, 181], [165, 172]]","[[4242, 3570], [4085, 3727]]","[[167, 170], [157, 180]]","[[3877, 3935], [3814, 3998]]"
Inter,NoNotch,NoArt,NoBurst,TP10_raw_std_LR,Inter|NoNotch|NoArt|NoBurst|TP10_raw_std_LR,17,0.54858934169279,0.4768837803320562,0.550314465408805,0.4919631093544137,0.5517241379310345,0.5075351213282248,638.0,"[[177, 142], [144, 175]]","[[4214, 3616], [4096, 3734]]","[[155, 164], [153, 166]]","[[3887, 3943], [3827, 4003]]"
Inter,NoNotch,NoArt,NoBurst,TP10_raw_std_LR,Inter|NoNotch|NoArt|NoBurst|TP10_raw_std_LR,18,0.12475247524752475,0.4803767660910518,0.20454545454545456,0.49434571890145396,0.5148514851485149,0.5086342229199372,1010.0,"[[457, 48], [442, 63]]","[[4104, 3540], [3972, 3672]]","[[253, 252], [248, 257]]","[[3739, 3905], [3779, 3865]]"
Inter,NoNotch,NoArt,NoBurst,TP10_raw_std_LR,Inter|NoNotch|NoArt|NoBurst|TP10_raw_std_LR,20,0.0,0.49382073630805257,0.0,0.5020167956093368,0.5,0.5101470014309873,924.0,"[[462, 0], [462, 0]]","[[4047, 3640], [3891, 3796]]","[[219, 243], [229, 233]]","[[3807, 3880], [3756, 3931]]"
Inter,NoNotch,NoArt,NoBurst,TP10_raw_std_LR,Inter|NoNotch|NoArt|NoBurst|TP10_raw_std_LR,21,0.4913494809688581,0.477735368956743,0.4930555555555556,0.49342969776609724,0.49480968858131485,0.5095419847328244,578.0,"[[144, 145], [147, 142]]","[[4255, 3605], [4105, 3755]]","[[140, 149], [136, 153]]","[[3850, 4010], [3902, 3958]]"
Inter,NoNotch,NoArt,NoBurst,TP10_raw_std_LR,Inter|NoNotch|NoArt|NoBurst|TP10_raw_std_LR,22,1.0,0.4773413897280967,0.6666666666666666,0.49410385041370775,0.5,0.511266364551863,410.0,"[[0, 205], [0, 205]]","[[4331, 3613], [4152, 3792]]","[[91, 114], [101, 104]]","[[3919, 4025], [3919, 4025]]"
Inter,NoNotch,NoArt,NoBurst,TP10_raw_std_LR,Inter|NoNotch|NoArt|NoBurst|TP10_raw_std_LR,23,0.9569160997732427,0.4757394914374676,0.6578332034294622,0.4936725901992461,0.5022675736961452,0.512065386611313,882.0,"[[21, 420], [19, 422]]","[[4227, 3481], [4041, 3667]]","[[208, 233], [219, 222]]","[[3761, 3947], [3818, 3890]]"
Inter,NoNotch,NoArt,NoBurst,TP10_raw_std_LR,Inter|NoNotch|NoArt|NoBurst|TP10_raw_std_LR,24,0.4405737704918033,0.47813601357525126,0.4858757062146893,0.49303452453058755,0.5338114754098361,0.5083540007831876,976.0,"[[306, 182], [273, 215]]","[[4126, 3535], [3998, 3663]]","[[246, 242], [234, 254]]","[[3750, 3911], [3788, 3873]]"
Inter,NoNotch,NoArt,NoBurst,TP10_raw_std_LR,Inter|NoNotch|NoArt|NoBurst|TP10_raw_std_LR,25,0.42790697674418604,0.4745433346288379,0.4804177545691906,0.49095295536791317,0.5372093023255814,0.5079673532841041,860.0,"[[278, 152], [246, 184]]","[[4179, 3540], [4056, 3663]]","[[208, 222], [209, 221]]","[[3772, 3947], [3817, 3902]]"
Inter,NoNotch,NoArt,NoBurst,TP10_raw_std_LR,Inter|NoNotch|NoArt|NoBurst|TP10_raw_std_LR,26,1.0,0.49671634251073504,0.6666666666666666,0.504489481785531,0.5,0.5121242738065168,462.0,"[[0, 231], [0, 231]]","[[4177, 3741], [3985, 3933]]","[[106, 125], [114, 117]]","[[3881, 4037], [3928, 3990]]"
Inter,NoNotch,NoArt,NoBurst,TP10_raw_std_LR,Inter|NoNotch|NoArt|NoBurst|TP10_raw_std_LR,27,0.16310160427807488,0.4863022508038585,0.25,0.49792585764140385,0.5106951871657754,0.5096463022508039,748.0,"[[321, 53], [313, 61]]","[[4144, 3631], [3994, 3781]]","[[167, 207], [192, 182]]","[[3799, 3976], [3853, 3922]]"
Inter,NoNotch,NoArt,NoBurst,TP10_raw_std_LR,Inter|NoNotch|NoArt|NoBurst|TP10_raw_std_LR,28,0.8558558558558559,0.4794012282497441,0.6375838926174496,0.49520914557589374,0.5135135135135135,0.5113229273285568,666.0,"[[57, 276], [48, 285]]","[[4246, 3570], [4069, 3747]]","[[162, 171], [160, 173]]","[[3833, 3983], [3863, 3953]]"
Inter,NoNotch,NoArt,NoBurst,TP10_raw_std_LR,Inter|NoNotch|NoArt|NoBurst|TP10_raw_std_LR,30,0.5512048192771084,0.4749904055264168,0.5366568914956011,0.4914626075446724,0.5240963855421686,0.5085070999104516,664.0,"[[165, 167], [149, 183]]","[[4237, 3580], [4104, 3713]]","[[167, 165], [153, 179]]","[[3818, 3999], [3880, 3937]]"
Inter,NoNotch,NoArt,NoBurst,TP10_raw_std_LR,Inter|NoNotch|NoArt|NoBurst|TP10_raw_std_LR,31,0.2907608695652174,0.4822002313327336,0.3807829181494662,0.49531353135313533,0.5271739130434783,0.5086749775093176,736.0,"[[281, 87], [261, 107]]","[[4164, 3617], [4029, 3752]]","[[188, 180], [163, 205]]","[[3798, 3983], [3861, 3920]]"
