participant,TP9_delta_mean,TP9_delta_std,TP9_delta_min,TP9_delta_max,TP9_theta_mean,TP9_theta_std,TP9_theta_min,TP9_theta_max,TP9_alpha_mean,TP9_alpha_std,TP9_alpha_min,TP9_alpha_max,TP9_beta_mean,TP9_beta_std,TP9_beta_min,TP9_beta_max,TP9_low_gamma_mean,TP9_low_gamma_std,TP9_low_gamma_min,TP9_low_gamma_max,TP9_high_gamma_mean,TP9_high_gamma_std,TP9_high_gamma_min,TP9_high_gamma_max,TP9_very_high_mean,TP9_very_high_std,TP9_very_high_min,TP9_very_high_max,AF7_delta_mean,AF7_delta_std,AF7_delta_min,AF7_delta_max,AF7_theta_mean,AF7_theta_std,AF7_theta_min,AF7_theta_max,AF7_alpha_mean,AF7_alpha_std,AF7_alpha_min,AF7_alpha_max,AF7_beta_mean,AF7_beta_std,AF7_beta_min,AF7_beta_max,AF7_low_gamma_mean,AF7_low_gamma_std,AF7_low_gamma_min,AF7_low_gamma_max,AF7_high_gamma_mean,AF7_high_gamma_std,AF7_high_gamma_min,AF7_high_gamma_max,AF7_very_high_mean,AF7_very_high_std,AF7_very_high_min,AF7_very_high_max,AF8_delta_mean,AF8_delta_std,AF8_delta_min,AF8_delta_max,AF8_theta_mean,AF8_theta_std,AF8_theta_min,AF8_theta_max,AF8_alpha_mean,AF8_alpha_std,AF8_alpha_min,AF8_alpha_max,AF8_beta_mean,AF8_beta_std,AF8_beta_min,AF8_beta_max,AF8_low_gamma_mean,AF8_low_gamma_std,AF8_low_gamma_min,AF8_low_gamma_max,AF8_high_gamma_mean,AF8_high_gamma_std,AF8_high_gamma_min,AF8_high_gamma_max,AF8_very_high_mean,AF8_very_high_std,AF8_very_high_min,AF8_very_high_max,TP10_delta_mean,TP10_delta_std,TP10_delta_min,TP10_delta_max,TP10_theta_mean,TP10_theta_std,TP10_theta_min,TP10_theta_max,TP10_alpha_mean,TP10_alpha_std,TP10_alpha_min,TP10_alpha_max,TP10_beta_mean,TP10_beta_std,TP10_beta_min,TP10_beta_max,TP10_low_gamma_mean,TP10_low_gamma_std,TP10_low_gamma_min,TP10_low_gamma_max,TP10_high_gamma_mean,TP10_high_gamma_std,TP10_high_gamma_min,TP10_high_gamma_max,TP10_very_high_mean,TP10_very_high_std,TP10_very_high_min,TP10_very_high_max
P10,0.010103697926398474,0.007838662955375214,0.0037468507222953506,0.012962821965824984,0.003050528978677197,0.007625998160230101,0.020345591174500965,0.005611294856800215,0.014502033514007456,0.013327372539214349,0.0037761619326733232,0.012345026842361247,0.007660155198838983,0.006266113422714897,0.005678221019339722,0.006902505053447843,0.006996712724111398,0.02044721128908272,0.007394905403593811,0.02062156426182052,0.010890923121576794,0.015385003521053799,0.00986006905810881,0.013311746383902085,0.0070889548661386146,0.002234257782123777,0.009803592809788703,0.00874532312927446,0.005727179932970006,0.006498636574436559,0.021077942712701376,0.009658533452620757,0.0038271830504451104,0.00564015096196061,0.0077981875876237325,0.007888886850326016,0.005739318983345796,0.005397598135674443,0.003967414143600764,0.007461399476496196,0.0068590839885397945,0.007724372891800752,0.02105559001968009,0.019230341540165622,0.005853048568745717,0.006786915716062088,0.005260847482159812,0.004659848768150287,0.004349775973998028,0.005546806208828203,0.0031079694145639135,0.008399775930578827,0.0048606794718404536,0.0077182614380553625,0.026191978296310613,0.006889381742670353,0.004174704552263126,0.0038777362058194996,0.0015997382969716305,0.009793698462318933,0.007745134789041524,0.004714178924328936,0.007386558136174072,0.006726889520119,0.0041861842805891855,0.0023397707416163874,0.0042601976217358705,0.0033827150708335674,0.008460404283175241,0.0051248401879448015,0.017204031375942355,0.0074288971778424355,0.004364834860156469,0.005186323275882986,0.006201362191839789,0.004129699658429194,0.003043510961351232,0.010070915056176735,0.0058435403714284006,0.003636324207372239,0.006202737752924966,0.005187777850646651,0.012025544564606281,0.0033831425587011145,0.011278786400486032,0.020123818799987942,0.00523527273922448,0.015276503917726945,0.0074473337145637385,0.01002919831854548,0.011809919021528434,0.007253177249252272,0.01768914103524916,0.01741179999968198,0.008460404395005118,0.01651401673815561,0.03014504124865994,0.005537970158923482,0.003424322718062096,0.013270625781512195,0.009406618178042342,0.010335621612705332,0.005138461181567665,0.011124661705571874,0.016265606373678534,0.01741702773144731,0.010450249662847924,0.010112978416993728,0.015255615519867953,0.00758870778774841,0.00591919949203028,0.002696117237074019
P11,0.008175796821604927,0.006306427431310688,0.0077670121690901804,0.008892181806489341,0.007927736445162042,0.015539726956083898,0.005934496287770804,0.010038176333724013,0.00519772455256652,0.003320785312277129,0.014502330288022617,0.008185059833010764,0.004042984279576262,0.005700069286611066,0.02657741113416824,0.012201087812124973,0.005975206778040164,0.006250199185876507,0.008024953976125408,0.0058896869927211526,0.010762604788865893,0.007121164432910546,0.00705644121104876,0.00801797926517675,0.004786564730186186,0.00624361566117773,0.007524523260525047,0.010219182380354467,0.005589376585714629,0.005767919024210174,0.011723496570925798,0.010851348529478819,0.00846435107271334,0.010257355825953095,0.0037070652578231893,0.01025856576687062,0.005610891660255619,0.00332259942128336,0.007262682883106884,0.00832832473331226,0.010744882918916211,0.00974239879965026,0.014715659809156175,0.01050852861945753,0.009248082582928214,0.012432326068585162,0.009159913213090747,0.008976944623731773,0.005834852670176108,0.008728521829074552,0.009616341578659858,0.0036496411102554128,0.006286570130310938,0.00621235337811615,0.009604231754108126,0.003894643592248447,0.011625277517024532,0.0225667359537116,0.00963049718274043,0.01545329778502801,0.01153976095668986,0.007044762346046049,0.006505031305995224,0.006770812602066364,0.007294766471260673,0.015199594889601329,0.006990582617978659,0.012053493500112979,0.006098222385753833,0.008627660169271887,0.00802690050435787,0.010758421225193278,0.00625248030999496,0.00941078450428432,0.010890220297488826,0.004563232674089603,0.018227945122154594,0.012703705299330783,0.012047531441224852,0.009986233081219589,0.006387993010731688,0.0064800021731804,0.03873695013111296,0.00978813768801862,0.005272827661178679,0.007037192375253968,0.008816747322416885,0.005005889837864975,0.009212190836339652,0.005610114071270273,0.010485878076416441,0.014378100003213967,0.0035727591241481713,0.0052138543652026,0.006877396107014022,0.0022936902875003357,0.007811042484858394,0.0032660413636157507,0.015952653292100598,0.005183823631769494,0.012733670104899944,0.007169408257048594,0.0073066583940655004,0.008087560799290875,0.009022964272771031,0.007142504949670536,0.015959679230907207,0.011666516108775307,0.008431805740488735,0.003846022163272738,0.009854422724765277,0.002446553845500903
P12,0.006246621990121952,0.0018639009911664882,0.007704672052076477,0.0037594486412309545,0.00267535084518085,0.006710793644064875,0.0020870193590696307,0.0023732454541059004,0.003541843983572457,0.005207065499185114,0.0028845040702526487,0.0014313818409812653,0.0007266446406157099,0.006147844018853089,0.0024990350331931966,0.003989953411991363,0.003323751369754431,0.0055502661622679325,0.008233368569200402,0.007037168600906823,0.0002861808444716764,0.0023941922963060846,0.0016877815347498765,0.0027772341617635144,0.0013987428349622616,0.001411643645792124,0.0021290380552900713,0.0019354305835470875,0.00436609449596214,0.008221555184412975,0.00172868523881439,0.0017385667424600548,0.010100995682074544,0.004794703175394143,0.009396855935879743,0.008024333900931616,0.0022014762174749646,0.003724990658774029,0.001095568133490585,0.0003350999013558733,0.0007911957144452464,0.0017989469683346903,0.01874072468394681,0.005192424169860567,0.0027342898377877216,0.0054834609255814725,0.004094215162893683,0.003110114757076282,0.008094306595306296,0.010815934054807226,0.0024147589911169137,0.00218744846485728,0.003497040186100907,0.008145007894750547,0.007524555249004596,0.0023369359613881675,0.07817567311774556,0.08678649686369627,0.004583777391220788,0.10554130986498068,0.018792320920016394,0.02072970037963641,0.0064888293986998455,0.021173927339331478,0.012668010439355872,0.020406102263443207,0.005000733530931742,0.05064156581642831,0.0021010512463636717,0.0022258154611322152,0.002056445546802155,0.001376376965285795,0.008740101001052438,0.006022988037172088,0.002424440543651693,0.0023558772229933774,0.006699024045861122,0.008842261389463283,0.0010496742919419463,0.008055609985743539,0.0022292152360113104,0.0026880057529731173,0.004598838273565265,0.0023076468009146835,0.010155174170727326,0.01976168720326158,0.018304378406975783,0.02220966314039109,0.016546483863999296,0.030111272600044578,0.0015592575887325808,0.01467244108922766,0.004923286919247836,0.003076067896721857,0.012583322274269573,0.0007874524024005921,0.021249175374706677,0.01920599912898075,0.00041226624543577907,0.008110764318345167,0.006917174135766666,0.003974963516669619,0.015083870285656569,0.0026390937489739713,0.007766548198838954,0.008661783288283417,0.00041958500265397463,0.003924557066108681,0.0018479765407264635,0.002869419932876341,0.004261409976618208,0.0024986975379870263
P13,0.011214780245673836,0.007948567461914751,0.011798056217440577,0.009874206523721854,0.002354598109060036,0.012167552199940155,0.011004238038128871,0.00841831132415255,0.007256915166843182,0.0047791557290534055,0.007621013686240392,0.003944145463561833,0.007744315139107481,0.003199648407629333,0.007925649287951258,0.014641120180460234,0.004026845553473039,0.015858339414510675,0.015021415970299871,0.014253892967780003,0.007815983190363864,0.0035272585471072594,0.0076847355108636195,0.003254144906608428,0.0049273116174890505,0.0035508964052623476,0.009318831581335783,0.005819824332852091,0.009530868927728536,0.009996620815749827,0.056577271047055025,0.006831598011887857,0.010897163702167525,0.0036577290815746895,0.004741582621440175,0.004317413912411854,0.014534933842904418,0.003439298088537524,0.004441406945442551,0.005064025801695392,0.009131982970694334,0.013712581696297022,0.018425717800824793,0.008618341099749221,0.009418951985201174,0.015286847885199044,0.006846214906411214,0.028557869741455043,0.017345501440658405,0.017837268330415313,0.012872045101678447,0.021675470135116504,0.014850114430030013,0.0106987684681003,0.0060579204827859055,0.019960366243846756,0.006826343351341562,0.002254677539598136,0.0048531546393623,0.005544812446693981,0.008630636523469347,0.008304199860577068,0.013115826517576194,0.0025433599902883936,0.010351382764994956,0.0122343615008144,0.01800004460114464,0.012783206868466884,0.01019201695172156,0.004395931254752377,0.004490890118364083,0.0048547622573839825,0.008327651954175529,0.00832906306476972,0.0073120903192736165,0.004453364482106915,0.003176083576408262,0.007294800334985921,0.010042981086590188,0.007298209202484453,0.004510296176095243,0.002447181928965393,0.012144800273914215,0.0048167005196254505,0.004100707811190192,0.01429796261359403,0.009755481366982208,0.005883550918536131,0.005730129405314439,0.005856050294773785,0.007878347336978913,0.0038812672616884993,0.0032807648761026425,0.006585742550795367,0.007567474687082566,0.006507727564816858,0.0084867348220131,0.010959098514590539,0.006234772836942696,0.008742834581286392,0.006101723293386677,0.004897083094316704,0.005601545918236891,0.010718129383384399,0.006170140101846671,0.003425334255961649,0.014385778394927818,0.008613853036032675,0.006719832586396382,0.005723237894272473,0.007767488785236524,0.002320747011483392
P14,0.009721266666387783,0.012982603147118021,0.010778694698948108,0.009684525971344614,0.0076226145313285235,0.00713475845728763,0.012831351804202773,0.005923671394404175,0.008771068853044541,0.009352068628542242,0.025868275490756286,0.01998597329277288,0.0044162326798994735,0.0019295848310906263,0.004575547397392379,0.014039360660956424,0.004089567495038799,0.004055184525775469,0.010597697123243566,0.00815005654102188,0.007024100318497302,0.005708749756915619,0.007716439159187583,0.007797813148304026,0.004740375936203805,0.0035040184001801865,0.007965224454938295,0.007119763027740088,0.007765371084548874,0.011160392145879076,0.005530660990972427,0.013217242917287469,0.004729654006991944,0.008587185565740351,0.00952870252558331,0.012667352079900118,0.008938436487931327,0.007920711475220634,0.008414200102604057,0.00425815876077195,0.00931467949405874,0.005162204818831993,0.015677174767425882,0.01780470639556109,0.008516196926449988,0.015752605528718742,0.005927928752063217,0.013867745967910978,0.007887003194756098,0.0037366139778509744,0.004878178484931729,0.003537123033176611,0.004070293438838191,0.007182324087166424,0.008217576955262557,0.016331367890411258,0.012871793024242816,0.011268910877208684,0.004559372071606029,0.014496179856101783,0.012538544435712094,0.0095784096305102,0.017378328678397146,0.007484926096959557,0.008607141770720214,0.0065933342246044455,0.011854423956609928,0.005578612702257024,0.007794401056055693,0.013601434084626926,0.006447451376182427,0.014606492984711821,0.01077349682523209,0.007481337668628246,0.021169658622406023,0.004345196696183413,0.009289604194278461,0.0067550971717248885,0.008888104271852014,0.008442456360487488,0.01121791849933619,0.013604294196680956,0.009829148713793602,0.00834522752664963,0.00599655683211173,0.00846924429378904,0.0073113178274456245,0.006366417931694366,0.009617358986618368,0.005037541314949062,0.009866547013008802,0.01005336896883809,0.00983091875150755,0.00983885085744397,0.00638994545184579,0.01054176059973577,0.006394172818148778,0.005647427073235722,0.006611241054507385,0.007512774235352103,0.00999399018307471,0.010546959641920223,0.004232878063002129,0.011223604079564171,0.00627952102517142,0.007370953105393133,0.008135747969274543,0.008196619755240215,0.0070638096318626905,0.0037676325767187725,0.010406734503356226,0.007226427632060738
P15,0.007015498620737194,0.007206276963940523,0.004581542998926905,0.011992527527891768,0.00515286285889379,0.0062507836162472305,0.0062346856539389015,0.004153566754589497,0.0035010643961470977,0.005939407196048535,0.006207374001785572,0.007125735032782941,0.004255955407903443,0.005989386989885278,0.002443244868091847,0.008043783578803549,0.003578820498436974,0.004138504082531572,0.005167359280162956,0.005429275005233091,0.005336608700827583,0.006344495803532778,0.008489882190937981,0.0067043465540369725,0.008602754511162315,0.007849811122977755,0.010062007187563473,0.0018362092323053352,0.025078922627361822,0.040347830359793536,0.011154748368325171,0.044398958022052334,0.01180041747083446,0.009885612131050932,0.010629770258839332,0.008932959404612546,0.0104196388428757,0.01430129421859601,0.0057673458383321165,0.01652046547005699,0.0019879558978564316,0.005694533900864791,0.011050453125740602,0.004785282530581438,0.00960275165577353,0.007935848347392745,0.00968545144856559,0.005089565611814156,0.023197224562105226,0.014075057374079596,0.00880422248706008,0.010263223098407144,0.009921015021681516,0.010750162496624922,0.019385568649470906,0.010665067438106439,0.007345747575049955,0.0066603158831079435,0.016380780445607403,0.007246326013750725,0.004634245879926253,0.0026827630174692868,0.0044793169465372215,0.012058518403006311,0.009097595374081655,0.005804850079256335,0.020568382386722095,0.005729236165157719,0.003335185852337315,0.00608045711277354,0.011769659041545599,0.007366422605082056,0.007278864533748539,0.010963979951672864,0.004998085997422535,0.0031568252480914188,0.0089334613416427,0.0063976763755491575,0.006284714098842086,0.0038049698228560564,0.010005113660920746,0.009729313870506583,0.007180772438189864,0.004429038121244791,0.022714636878212263,0.00820935586650098,0.008185772363864124,0.008565672456914631,0.008277656263966114,0.004072365306874053,0.013656057194516933,0.0061158722482413915,0.005298857950358167,0.00502131343892682,0.0064809937273647,0.004208687891322128,0.018814596329571606,0.012568949149486358,0.006041067474584105,0.005189614595348372,0.007657215415930232,0.01389740239247934,0.00794368620599445,0.007467482060865825,0.0066934387539075955,0.008856357934276155,0.004248173774147438,0.010118461541740604,0.011108537287529068,0.003081299577248774,0.01012058674550195,0.009218153637048133
P17,0.011200641657307138,0.009165661631434023,0.00819610628102455,0.015947286568801525,0.00495370281458963,0.008067125702192117,0.009505327298739076,0.012362901805406263,0.014899764090167323,0.006672695427907347,0.00533331631647556,0.01559007973690166,0.0053880265451376076,0.007687886686122021,0.00786162584006981,0.005082133432567309,0.011107296494236174,0.009585152794485605,0.017126119925101758,0.011161542937244877,0.007876319814378726,0.0062452166155887445,0.006353915755329133,0.007413352496756081,0.003825448535858651,0.005162140560099251,0.012258199081216021,0.0070841342094102025,0.0064936486804706185,0.008991096958970485,0.0052072594754667,0.008742329205071406,0.00576104467132568,0.006544757356946163,0.010560788410301695,0.005313791870308493,0.007879211861410069,0.010735571890524306,0.006622444480717297,0.007415324609255536,0.01067963342138986,0.006352951548921923,0.010031351164176134,0.008426139261853738,0.004968365171343756,0.007386002594725009,0.0042194476673440085,0.00637090941401035,0.016227576437570494,0.01967751648393193,0.019162676482253737,0.012404929530118703,0.006263190254661084,0.004004484878969473,0.00588905340090208,0.008012384093556701,0.0050093982420632115,0.010868919766447004,0.008376823799467142,0.009950598753568057,0.005378019202078442,0.013428808584508336,0.015102709074640976,0.015342929648628212,0.007310279189568241,0.013588883378433059,0.014113432907532848,0.00852737095506953,0.0062822726439967546,0.00497127490282726,0.006898690621082781,0.006311550717047302,0.011217847149919366,0.008238796210857711,0.006140677904935054,0.00569076343358706,0.018135747128294966,0.006544937799298003,0.00596917584054883,0.007666224902972621,0.009925979872097503,0.009850709580161033,0.008532098145614033,0.006653079466451194,0.006845548919909699,0.011490286674803585,0.010040048414489989,0.013995029024736228,0.006950155431904054,0.006340676957787858,0.009126892259603421,0.010634249945771987,0.008743942772869547,0.007777128633692893,0.005851861504313594,0.006709010285952276,0.010405718893081381,0.005454365299144364,0.0059219324524383,0.006590491547535501,0.009334203761736284,0.008052666703137965,0.005794145229575079,0.01596144276562905,0.00823772186303467,0.0061513986947234174,0.008618794498068977,0.012258455555445958,0.002678849747178237,0.0074853507995837655,0.026308102295065323,0.006756526916044471
P18,0.0024767445665796616,0.005983609599979683,0.007213742247155266,0.004926043412423657,0.015696755360346145,0.009735445813213834,0.011601570275265911,0.014792009473115922,0.006228582047929738,0.006837598378181709,0.005579597318233855,0.007635125583482914,0.008038982560021352,0.007781106662431852,0.006053733187110904,0.008368520686832977,0.009253690570687405,0.007214932893126995,0.00685297171332151,0.008975655408858545,0.005604981322071757,0.005334655108128675,0.009409802434610964,0.0049292237399789305,0.012570884972153553,0.011714611922716387,0.01184133590319638,0.011176156952292647,0.015500459357292495,0.015358972965133721,0.009974967708054132,0.011856300549011519,0.02153761317392298,0.025701599097057302,0.008622643754421318,0.02609264834229135,0.009284516727449291,0.010286483673857346,0.00688803137959271,0.007521341382747991,0.005909823315397674,0.00636989006917276,0.01224703112543675,0.01306328548865716,0.007663360469080068,0.009421600948670344,0.003826216250080773,0.008580360295100904,0.005059077601793352,0.006015869050943181,0.01825541928074693,0.008654567950645347,0.008044213260659749,0.008692830076460475,0.012524365662105994,0.012571125496792124,0.011467499304569312,0.01182320612643273,0.013844349192990822,0.007676766115536312,0.007208003092807901,0.005483899470722829,0.01270871392592795,0.004828035778595357,0.00606800726306355,0.004344096818908041,0.010180656166109641,0.005778776030443078,0.012550610825467323,0.007201423875301562,0.010056664338277128,0.01334430081471092,0.01174561189354338,0.011829681530227478,0.013099870216577426,0.015118597932458306,0.004160529087749616,0.00441417684740766,0.00872913420771612,0.003408669715522852,0.005781600932904263,0.00475126245320256,0.007305229029120659,0.006283252587652469,0.006426784536395594,0.0059816874389991325,0.0034214814580928116,0.0064105123717363,0.004042292677078182,0.004124882222994605,0.012643557735451776,0.008880831547646994,0.005527262999573113,0.004828080467813095,0.01724554464444579,0.006332424749331506,0.008087619660330954,0.007090639200592319,0.0066884142309939065,0.00596890515390531,0.008085465693749218,0.008841114065686911,0.007629007548518179,0.006996561928333903,0.00520229692913336,0.0038825734966700777,0.006342450357597948,0.017505182402580515,0.005138996541663262,0.006181399107429162,0.008050999811982491,0.011897720881301463
P20,0.019764842165973028,0.012009429079233525,0.006852283260752634,0.00984100325573235,0.005339014048446634,0.009580714056839874,0.009644727218507131,0.00782056917211953,0.008458417335730483,0.005912963206429138,0.007066358570949362,0.007893210654880014,0.004782036986212421,0.018781439243459,0.010349786030092501,0.014699395061607032,0.005072722437191947,0.00651551080549606,0.021268124559130124,0.0064316617258651405,0.006073739411773371,0.010397331249956166,0.006098991128957652,0.01364865731330704,0.006275410323496917,0.006423680221635534,0.010128715194176314,0.006263035092098528,0.01387933071772121,0.019832057129342467,0.017923571269304037,0.017776030064887954,0.004635071360418813,0.004885887999894628,0.011608068352856528,0.004916680323518349,0.005069881667441914,0.008055615820631022,0.01030600815157132,0.00581712807722243,0.007898607471307925,0.010226313479569456,0.013442903511207383,0.011238191148768013,0.007065321925714212,0.008757228911328086,0.0064066518421910836,0.010196191560435646,0.005511204687397686,0.007015346587224865,0.008942652790173925,0.010915305326362392,0.006656719835394462,0.007695698057017641,0.008103582160279805,0.009409770813711834,0.010576451400446066,0.011046112523975053,0.010150590902686062,0.006554879869296726,0.006966287403802745,0.006193657916153748,0.016716846834552684,0.0075776802209741876,0.010526876841716605,0.006866697523542015,0.00802797004409262,0.006948287196524989,0.01047842020409274,0.0036556018292171286,0.006578583003509384,0.008431582885954554,0.007391836832148013,0.007126556811864014,0.00988262961549792,0.008612749000741257,0.008656299873496963,0.006239186020741661,0.008278322301150285,0.007551838758113231,0.00730834241730444,0.006486868670032785,0.0071446270842631275,0.007962383316330608,0.013046155451902776,0.007494693012992116,0.00766369028613888,0.004489266736049476,0.005174394795438099,0.003340647595211004,0.012554456768979365,0.008465661493484782,0.012475543455884608,0.008073098693649774,0.01672172760141143,0.008163803942051193,0.012205012484660162,0.007359474412111267,0.007227815443509909,0.00683868790655224,0.011454771126136274,0.004765997684006701,0.006068778754546397,0.007087518468143258,0.009927685123914268,0.008306841122985194,0.009464127054877093,0.0108038323173784,0.0052903666216675025,0.005541545330137021,0.016587716584120487,0.005887732576894178
P21,0.01580147740825405,0.018051674194873125,0.005914463305884301,0.00995693368951376,0.0026832274174994784,0.0057599850156092435,0.014968500703993004,0.0055782617713313306,0.01084670216354407,0.006538744896851123,0.010123639650712096,0.00717077957024672,0.0031081620224113872,0.004411513201264333,0.006838728108306002,0.005540161740909213,0.007246260929823282,0.01133188965801592,0.007969177770476156,0.012680925565372909,0.0031960589853380532,0.003721379282916161,0.008674000332404213,0.0037545193581834703,0.003219397471630662,0.0038279207245393936,0.00969198854423708,0.004939383606688678,0.01087754197812524,0.014015382568645316,0.01796196410897874,0.020808514901928536,0.022622413101517625,0.013372523449993744,0.0049051456095521905,0.014084721178490816,0.004297353814909224,0.0116737867942074,0.01363701619456838,0.005973899237798171,0.0074205343522085855,0.00815827844050829,0.010949060463100195,0.011315839489792643,0.0090363317930194,0.00635764100641083,0.005577571719406882,0.011580240091460131,0.007264351499681952,0.007834676039697201,0.010627704551038343,0.008356934557452712,0.004386575829762188,0.008052312195151935,0.013659980196681352,0.01288041901692421,0.018249867517170823,0.012961301122354692,0.007092357734230262,0.021080571704547472,0.006934210105337091,0.00225764503933607,0.025184194774272833,0.003228032421125399,0.005880289080890344,0.005414276534531259,0.004085055440101002,0.005478472564314615,0.005289403735529921,0.007753775968241497,0.006625674602267298,0.006100525799777734,0.005231807403622184,0.004523097327268411,0.007810628841548824,0.003596410818489877,0.005666236190415122,0.006108951578323384,0.005562124813119652,0.009525129835263076,0.007954403872725758,0.007519372395138724,0.01210914518917326,0.00881739964376983,0.009060379138837855,0.019939647711352045,0.0058899163953674396,0.01871266071289531,0.006501731297514077,0.01268218461505967,0.018576455528506917,0.005833041453756183,0.012416862611939855,0.008757571325118544,0.01565038646403045,0.00910132979454235,0.007396992053745761,0.003972123905526445,0.0065445985731695435,0.005147827606102186,0.00580321420180331,0.004361627467785287,0.00950963355814536,0.00496025343193777,0.007738785071286111,0.0038908803892919136,0.022056452060404075,0.006777977002878135,0.005045503951221208,0.010493348113065954,0.005984505749273672,0.007919176490714714
P22,0.028127475912716245,0.014954854711456776,0.006040802710606065,0.007268649340766755,0.004474797301611224,0.009057612538112974,0.00895186198403124,0.007966044686579302,0.006552935647154303,0.008236244034237814,0.00472465943552722,0.009852576461743083,0.006848352797554864,0.004263614786159445,0.009030739369992831,0.004153907378031303,0.0041143993037619266,0.0049858508036880154,0.023664198833782034,0.0044267145636467395,0.004008389617427482,0.008579280096131663,0.020375701077310224,0.005435618906824344,0.0037374259834782662,0.004173948698139966,0.01038472168092301,0.0013859483379446225,0.020016498766647586,0.014887123216729154,0.012730471526605702,0.013673807524595365,0.005636537167032771,0.011501944455654651,0.02635874406675382,0.017471900221227868,0.00409622265628102,0.003777414148341375,0.003270307466581623,0.0026017467106901043,0.0046273164967854,0.01400107813412808,0.022651928532454683,0.00339217046262783,0.005761889028278667,0.005656206891093398,0.013719116854695367,0.007715423400503819,0.0037898586383507933,0.0009000675777636277,0.006702081918613973,0.009958249721822639,0.0043464239958148085,0.0017958738316962075,0.01855206401233745,0.0010275822988327472,0.00711341514558114,0.008058754115980234,0.007350165426067077,0.00469284020568872,0.005654456377190646,0.0028279333677879276,0.0039121161279488245,0.005402370063647053,0.005397837613390587,0.004378757491322539,0.008370168282382226,0.0012786043943717235,0.009236771926346404,0.008109896522852232,0.006374872745432339,0.006435896504835425,0.013653626731375414,0.004566624913446406,0.009510837669649011,0.007780104686332833,0.004242674195248786,0.0035613042831342356,0.004396248808166232,0.0014947926722872313,0.0016595275051600896,0.004825619430961245,0.009296453562534926,0.0030019841949460915,0.015941435362311514,0.021613117171583887,0.018257633297325614,0.019169010077726697,0.03283046302369976,0.02687781795809902,0.014659258004087745,0.04504964107709543,0.005816261321626339,0.011793496667746371,0.006261371295393031,0.014595840620587523,0.011305055234812157,0.005192904656695077,0.002507757088505212,0.007345343759950151,0.003831287238824273,0.007405871386572383,0.0031771919654286925,0.003024841343535101,0.013758715459596234,0.01010287199457005,0.004390998244158537,0.006265725466774206,0.00941613745669117,0.011934394544048718,0.003024915396820881,0.005468611199386353
P23,0.00907229488965475,0.006717751971822614,0.007158499429991675,0.008835912118828157,0.016624290391801133,0.024982791756678138,0.010330836743060538,0.024085636217876363,0.007900530009541886,0.007355956054111048,0.008401382425958859,0.007873453924757004,0.008500777165252112,0.014580741207200631,0.006081583850228037,0.007310002575549641,0.010732364030753415,0.008836582019693092,0.0066460495941601735,0.013983092790734307,0.004462751162438366,0.01016102905467396,0.008891868748223463,0.0069225150955553125,0.00957237780275216,0.006238731462274647,0.006122832566857581,0.007847511007457432,0.0064500643818141065,0.011455735638748804,0.006272375576575468,0.012855780122141992,0.0068532437925407285,0.005867549746607855,0.011447224606803235,0.007681878125823806,0.005557024545639461,0.007843153118143459,0.007520597180574546,0.011109721049804218,0.006266062069024703,0.005646101509771945,0.012720022014906393,0.005941034092084935,0.007814653226661217,0.0037672657146150834,0.008123465805009767,0.008630584236658185,0.014724740195196762,0.012507383996835333,0.004650088437744987,0.013372853366583703,0.008245446954171011,0.007487347761514202,0.01474471650681264,0.008232072178779356,0.005222705041203848,0.004494622671924672,0.009270490046546525,0.004358632601061614,0.005439409086683393,0.003318793801399832,0.008171326158618614,0.005763137662390081,0.006473472528430422,0.004598635063291481,0.011022583149060903,0.005937509150019457,0.004456599584123282,0.00713868696429635,0.013300897355514736,0.004844885569225923,0.006151472857798096,0.009675500804421507,0.005422342685081148,0.008241210116720516,0.007569323544294472,0.00818409907735294,0.006484992211629733,0.008667589575705032,0.008944061061002455,0.006891731637465655,0.00922156202201132,0.007907722343411458,0.00922595852465555,0.0061118687275500926,0.006167142042489206,0.00844427510580166,0.010851865474268476,0.011909216264822688,0.010754868024603605,0.021738832563013694,0.00831180748249843,0.005319915049466984,0.009973208378023735,0.007001873346751632,0.00589073994211525,0.005742990942296666,0.0071416972000619625,0.008520638826590736,0.006700211315371416,0.011899061907923607,0.009351104269078975,0.013617520982883,0.015651693458888612,0.01603352510928006,0.01184132355859984,0.019275486332400397,0.01259833563803219,0.00829563755823183,0.007877632522879924,0.006559243061259917
P24,0.008759304985586297,0.005817385838440118,0.011209382722021266,0.009644835793056862,0.007076014725158604,0.020868043941549685,0.00832035465438257,0.0039337131448879395,0.005501141083157647,0.010705974110263155,0.009369633999291145,0.008524179949480029,0.008043579388800787,0.011108430201456599,0.009078682248978428,0.011412151307270642,0.009803196813645866,0.007728874248107889,0.004644827353250335,0.010188478274009895,0.0064848398250609875,0.011005014822112745,0.010484481511804634,0.004454084571194811,0.0034770404965414224,0.006995050568721402,0.010492124148569591,0.005447815785217311,0.006978373099343536,0.006430052236751895,0.008660179998162357,0.005554668405792342,0.00808979262230236,0.010569178654420277,0.0068952310452937825,0.014603468880000693,0.009222984618218806,0.008993428151292901,0.027614733835395665,0.006877320291048627,0.007342721867859484,0.008739270686925883,0.010938629614598582,0.008095986675662357,0.0032332878964123923,0.004253393276294065,0.0263463374634059,0.008112277695313162,0.011905742953473495,0.0067805014177971445,0.006674747385403622,0.006752403628447345,0.008232874153239068,0.006350489185238216,0.0118658263096088,0.008597098750533393,0.008328843218373688,0.011850537528967482,0.010139948833042912,0.008906872013186533,0.006074348004876706,0.011940556431849042,0.01310035204207228,0.007544435317715361,0.007375700135347041,0.006067340419079671,0.007006245593463542,0.00565272557671114,0.006634753865940005,0.004987355885034046,0.008939074299357634,0.006542072203966911,0.009765226425648194,0.012535602626699713,0.01214206664489468,0.008150409960216744,0.007406335129515443,0.007924868773787553,0.006414186254437213,0.014461957117842802,0.008482801003918631,0.008821099358417512,0.009690025860360175,0.006579022653623019,0.011021587425942662,0.009470493411509835,0.008730119445732125,0.02149827941689917,0.006169655585132887,0.006732415941011707,0.024717785183426738,0.011510363105836663,0.009327602313167292,0.005823866034164788,0.015201255805606908,0.011930342165534213,0.005889676605810432,0.0029109669316475495,0.0023334827804011664,0.008329250331436232,0.005217319982258101,0.009373611577698395,0.009333263798333446,0.006698922660718536,0.0041719202369934726,0.0037079524156103656,0.003792796262017875,0.00854248870618063,0.003485472496628292,0.003751827773476096,0.017621189769342512,0.013951691348881447
P25,0.00711720857000819,0.011377509563015671,0.010349896335686608,0.012034477954455083,0.005245701756924248,0.0099532043116828,0.009669083617852575,0.009340646342257728,0.008051627753055292,0.013957764715040843,0.005172680561966091,0.009490979891940272,0.004911214707192836,0.006992536470194296,0.010187922991502722,0.0033920241370867877,0.0076959972354596505,0.00650594969630094,0.006300698192275933,0.009506169134877751,0.0066120070708546265,0.007790881669689195,0.010183834455182405,0.01920705479688241,0.0057343335347870405,0.007426234096785902,0.014928378386144586,0.005179636797314621,0.009339234439382641,0.015553088327015274,0.009676167034282828,0.00979787450500726,0.012679830104878009,0.010142619743192477,0.0166095336816253,0.0060551289380654395,0.008299038535257349,0.0097003773184841,0.00704703575417348,0.0067783109164055435,0.005424933206200795,0.0051559869367854005,0.02052924629699157,0.005871036294511038,0.006523197415056008,0.008659456496488752,0.010289104451957744,0.006965617793541866,0.008333507201616488,0.0066828861739895405,0.009864594898838648,0.005807525316670137,0.002917173929700395,0.006685968123046378,0.009220889781522688,0.009362533145735912,0.007643405706104088,0.00626388135338906,0.030984889298622923,0.011489248464132702,0.007712597016397311,0.010107923120846674,0.011383206916807054,0.009342650332083278,0.010625143544268245,0.005246062842351723,0.009968935262412677,0.006174359757339163,0.010151302022337463,0.009068588405742312,0.010618271475404404,0.0097880696523637,0.0147691909843982,0.009501747077335032,0.009316687771666712,0.005694670301445224,0.008216148583115195,0.010427938371689928,0.007857279019063147,0.01419669062549048,0.009591132560584024,0.0046945718366231985,0.010419790950326791,0.01347975219292387,0.005136111050982611,0.005190834830921079,0.017715787843667914,0.007082552998315942,0.002753708484044106,0.007908381192567286,0.012979993682350836,0.005813789141264746,0.004884256036126391,0.002696637443799047,0.008538338366785803,0.006532740678499172,0.008268238648258385,0.011781082251992304,0.008865559459766753,0.006545499685131885,0.014836938697450244,0.009557539731535988,0.007067942616104468,0.004184348953133681,0.005616708406159358,0.006411347061407648,0.009646189472068358,0.009422221905261758,0.008434376322800653,0.004511101052113995,0.008394830908916233,0.010201256126468626
P26,0.0037584927144560963,0.0064822366637772725,0.009721694688079548,0.0030179457904956964,0.028047872143359517,0.01657150319390996,0.002283711218145474,0.005173845057799841,0.003377551758417629,0.004618997257291711,0.007819837859949491,0.011186740333093389,0.004551794284632815,0.0031679605518701963,0.008994940259862744,0.003973093851878733,0.011962612893266208,0.0043635484280495325,0.006043584076954723,0.005579254779689863,0.02733782918929589,0.03634946212075952,0.007129411505048897,0.03064987519335646,0.011355865457832435,0.02463413987929173,0.0054732864363806555,0.009472116435560429,0.004610821835166753,0.008130115558932137,0.0033349665663444006,0.004321931341840992,0.008128271725668013,0.010807581130012163,0.005386605307216649,0.006125266787470071,0.00646336867969689,0.0032672356472465904,0.006434802848934341,0.012756084841384243,0.0030761376269543535,0.0028133774194317464,0.005515009856287334,0.009496323187341954,0.005590235339685784,0.0035087392353438675,0.01446558559292994,0.00722469549324783,0.03194500331601066,0.018064452957551793,0.0070548521812331955,0.006897449342114839,0.005899284792201285,0.006252765837830321,0.016047637103142016,0.006108374047711812,0.00697211110253366,0.0016679025443761652,0.005797066666516236,0.006853526617196548,0.0026890742587490878,0.003264398499957612,0.011779841418193193,0.0035610518751064313,0.010484700178195836,0.006720850811541988,0.013395655027725878,0.004139296655387991,0.003931459711454046,0.0038165327941450423,0.009078456341173092,0.0009486130609213503,0.003947357483289666,0.002792108829763248,0.014555272552086463,0.0048156191779191865,0.01251042860342274,0.010710257220699047,0.008783211173423615,0.006115108261423505,0.002902569249610484,0.006695365037470904,0.006816712091572811,0.007411780746094815,0.0023007745280291974,0.008330621496592883,0.005296145673337613,0.01170507084139235,0.014301528144947395,0.011721908669391016,0.005430452613240042,0.008073732199926957,0.004983732205625187,0.0020038395968784524,0.008613328906000736,0.0041077597360020405,0.020202537086383292,0.010696766052809968,0.008816199655523264,0.006104175171121152,0.008187774176564341,0.0077142617326917155,0.008660701014837758,0.007676273584589335,0.019005168914017365,0.0194748043721695,0.006243786046082051,0.04049717715543055,0.016093381250344162,0.003867788337052771,0.004521165178711765,0.009386638048918084
P27,0.006145371751589088,0.005369295456913265,0.006893486571065224,0.01088192188466812,0.010009865724998757,0.014492164378029629,0.009017510623995011,0.011784862419744238,0.003310176826079181,0.005137598699110797,0.006305196427308913,0.011770644455676134,0.00889168613001389,0.010892003934724457,0.019402438555798946,0.007815164678491198,0.005819085747254533,0.009938918033448579,0.01621441449637742,0.01246124397827811,0.008590166723718269,0.010497528943225275,0.007942049442777613,0.004237775649333647,0.007437072222979458,0.01019164640997483,0.010534494386638232,0.007933961850659293,0.010446087408286548,0.005893384138292378,0.00992247061983639,0.003961476357329859,0.005841940161184322,0.007323602240259836,0.010213809989494393,0.005031547182844704,0.010661360942043873,0.01334107584885901,0.00886886056298487,0.004681007738710938,0.007415981370958759,0.007230911719446653,0.01759317979595947,0.004970539143311104,0.005181609988027838,0.004467693106381237,0.00791702944603309,0.004709272230964515,0.01093340796751131,0.010298002084939592,0.0046622609808655135,0.017525910459276737,0.008120558182748204,0.00551469879217941,0.008262230383878343,0.012981470927567787,0.008954123035099659,0.006726980122210899,0.009814984921872091,0.009390370381534164,0.009922944729601707,0.011117429073009897,0.005187734412627581,0.005297551597654989,0.011596448062027066,0.015297309392706342,0.012972616303425326,0.024859022890979524,0.01407721256670004,0.01465175375909013,0.011628039293645347,0.009811776642110814,0.008441093198644925,0.007774909987593854,0.01308590942250503,0.008851786753376596,0.009082630265325903,0.011802910692209234,0.026442388121434436,0.014019455169723378,0.008532354875831495,0.0038586169640190456,0.009241895309092852,0.010913197663297059,0.003645911688579958,0.005131153251419634,0.010267303297243418,0.009661692761167368,0.006323590184920853,0.008288719759281844,0.005721777854650811,0.006467649159304328,0.007495941899930805,0.0061523884804262855,0.011942959527523878,0.006053190190609716,0.01024174182733909,0.006327625110276713,0.014055775442060787,0.007653458899728587,0.003719568021136489,0.007419648182488082,0.004409469628719341,0.0072082865878331966,0.0037783591130642474,0.004926077950841666,0.009363499195820855,0.006054557341492247,0.004395344247907396,0.0057571666776576845,0.005908416898574556,0.004386155039602
P28,0.0061510735015525425,0.004941938695468315,0.015845349410582677,0.004229271489103299,0.005902544845423061,0.008411744373362692,0.015736273553261033,0.006468430023066931,0.006045926642875906,0.005315730303540669,0.010949880444202921,0.006341177627444293,0.011811924503151152,0.008668471132342998,0.006848912654455968,0.004804508517684,0.008795667336351239,0.006393255296017324,0.009120904410001624,0.006062499593882666,0.005564353820595364,0.008663315021771593,0.008601338398008668,0.0059102201981199,0.011968669093006465,0.010551454811707188,0.005820958174323094,0.007826564133343828,0.0061528223285236905,0.005405647013888627,0.0030410169885088517,0.006410474893509822,0.012192471952915855,0.005675354739362368,0.005055941909395043,0.00528507902518412,0.0027226118086329846,0.00545849719133821,0.021649547710105417,0.0024889741727745097,0.007766479113790768,0.007412366691718741,0.007894833206393488,0.005056228897756434,0.007698534073483569,0.006166209764451199,0.003816626173575917,0.008927049939492988,0.026979080798248543,0.027162718740562912,0.011435030229113389,0.029455901853363508,0.01796270230611515,0.01700665563129314,0.009321178245242763,0.008726193707193094,0.012547961628009193,0.009103953789797193,0.005024180775992123,0.010992100354414811,0.0077599087405332764,0.00783078686424705,0.00637368426578372,0.007951509194249433,0.012062720964240761,0.009558887140907907,0.007266666359298909,0.006109306630545118,0.00942908326281998,0.009622333713211098,0.007865860744118616,0.01209917072260803,0.006126625606435534,0.004452283264584895,0.011288823316189241,0.008090832387276719,0.029149561189464015,0.025538313912394982,0.004266885934335955,0.026275162056621126,0.011064382023576399,0.007139100092582857,0.007246829250119916,0.005278553251012432,0.0060187935186094615,0.0026628590075243774,0.00638080799617472,0.0067492312987089366,0.004629319594788054,0.0045475446995596434,0.0035798299165340605,0.006236080210411855,0.006918854894571748,0.010251130050944218,0.0043128742815927365,0.015372740425064514,0.0074092467548037295,0.004739160626657064,0.00856167783328639,0.0026243602243914903,0.009634929036119896,0.016276253194393724,0.005908816908379991,0.014132304688839224,0.008180357310903946,0.007099735372962692,0.008933113786186945,0.007424501557588252,0.007396722511915235,0.00665834444735786,0.00442817716260998,0.00733817814316563
P30,0.011946534341928057,0.009348126220648116,0.007426230010576665,0.007506977643355225,0.019532686472086228,0.01383277909142714,0.006994084701774107,0.004335896400650153,0.006092536393863387,0.004030485981162621,0.0122941019025819,0.003280942291049118,0.009355413315287196,0.005655654934232336,0.008869720481559812,0.0063874887058458065,0.010295904507623299,0.011360044129010006,0.007077080065141078,0.007551628521813309,0.0034503824749899607,0.007185014408913979,0.006735957927724456,0.003287353637050108,0.005673001676921593,0.008815279015336545,0.01290590118240428,0.009845477516055688,0.0054636906768389904,0.0076707555111746005,0.015664476680364338,0.008274713084678835,0.005114105245720163,0.005688313548905302,0.007183016053398737,0.007074730188615818,0.007266102155919646,0.006073177901891595,0.002468222956601679,0.0028712037102199507,0.011385939959325264,0.010221319250420384,0.009435192412040631,0.00515214777934821,0.007946470032854026,0.007897441853310387,0.017144882363359534,0.012361097081664945,0.007784626439221681,0.006211650257707016,0.019261136784412068,0.009040384307900929,0.004519560268475321,0.009410855128509735,0.01454617109296153,0.007471857316542079,0.007963483216142075,0.009317272815184201,0.012614828133761625,0.009048376239294697,0.006867437037407453,0.001935212418928786,0.013053258042714148,0.00583810658484621,0.008766149612873125,0.004524543619058807,0.008317681807475243,0.005256390950518617,0.004718714930508456,0.00550457028205033,0.014064074507529063,0.007139434373964926,0.009634115593523807,0.00625363508130229,0.010708279665771567,0.007923223566172932,0.004554404887337791,0.002323759883047725,0.012994650067963333,0.011320103991036818,0.00929474681793911,0.0041147968277209295,0.01199724096167841,0.008205560896634824,0.014816306140934788,0.013654763440986784,0.021700748980869503,0.01243014715452288,0.010966211115060293,0.008840065046004753,0.0029627467070858075,0.009353442606803127,0.009106564344389096,0.01217537819226599,0.004458276296922665,0.006930590727977071,0.021657636905169298,0.017176562540657154,0.01458164714501442,0.005408756458867108,0.009623951888353377,0.013492925331808887,0.008019459392191711,0.0023453421120570436,0.009818578137503553,0.015829080146790048,0.0060670903405242735,0.009113038336695222,0.009384786524715659,0.011621906733782973,0.010671386372612493,0.01186263407365118
P31,0.006943306121414441,0.004794759973770193,0.007926769168305703,0.009809075654798558,0.005953972405328496,0.01586781906062997,0.01331006902528903,0.012691452796331673,0.005907209138000291,0.007832722698744495,0.010172466110177183,0.011629392749155518,0.010814898433470494,0.010072234743520576,0.007636090709102993,0.004467995720882279,0.015748436921187423,0.0063204563463062306,0.02108772880688722,0.004134917219639564,0.005019795924845686,0.01066169008599063,0.006867904500472909,0.009760000405053251,0.005430563403091365,0.005733431355464515,0.0057541323572861906,0.016036011702088772,0.008397039897118996,0.008174826267967372,0.00985698456667832,0.017320548258304876,0.011687265478358601,0.013233307044235164,0.009079070265016097,0.0061280587591193095,0.012325554347840046,0.005324258285943389,0.005880530289823739,0.0035488685797611364,0.008567578068559227,0.008325040651049368,0.01828297325601939,0.00940466005641467,0.005698482425617335,0.008121569516193755,0.009872619038480166,0.009215093859618894,0.011627496009199056,0.017078007805057905,0.010193876476729369,0.0034460838260804726,0.0071692402974604386,0.006354419709255253,0.013740506200865189,0.0070357523441408965,0.005555016262206472,0.005446531613088918,0.010691340677642443,0.004582346749344471,0.005992212438722677,0.007507269033788662,0.007414182980935507,0.006532718004849174,0.009125944366783214,0.004797999984452349,0.015113493695158962,0.0057113582464985956,0.0074570030970971726,0.00894272203594485,0.01202804342541651,0.011452225064202948,0.009094024036900537,0.005216982186026075,0.0074952273666641315,0.00645533842053381,0.007376543320952337,0.007494716683881797,0.018563293144961027,0.003176179546969654,0.009328030933885538,0.007444058094110323,0.014153978045623183,0.009720834035986095,0.005342943822069901,0.0072071730671307045,0.00987982257773105,0.010832565941261155,0.006260528484316543,0.006085793184989026,0.0071052754231411,0.008994860731880806,0.013057818231597821,0.006323848101765952,0.004581747303004873,0.007570418583776696,0.015535439390556635,0.01038804278844942,0.007523691553919631,0.00874241049366515,0.00735486067144978,0.007137534357819717,0.010281460593746919,0.009202644654780143,0.00664653967035586,0.007043714618901587,0.0017454186649311838,0.004561967663192037,0.008340367491230485,0.008776421274834497,0.025425329828449934,0.010706732220279895
P4,0.014004183645518612,0.008009534897597436,0.005125007864127159,0.005768720050753772,0.0015303042548392796,0.006797919807456943,0.006747707972872786,0.005538415651396415,0.005580068153258147,0.012301987226731724,0.0009132182418047577,0.008113632614779355,0.008377348186279531,0.007447004826116206,0.0064598582929136,0.0031537853250105086,0.004084729558586155,0.006792665753704963,0.007909170224052629,0.004861074222136353,0.007425164744982971,0.009634079963298412,0.010715711544419812,0.014642932099709051,0.006554518095858644,0.006062423229472574,0.009046704511215859,0.0036404189357888096,0.00783759939338186,0.006553374635295439,0.018297197659286505,0.014803378274355645,0.0045980334931314615,0.0061644877350270685,0.01704863989332941,0.005331451860396716,0.003622317905887433,0.0017142284056446298,0.008621410414643125,0.008149719703935772,0.005675223265041146,0.006483339129524615,0.008039047173341531,0.006044038875825061,0.004256548800880695,0.008934035833390967,0.01797552610448474,0.007430220938237599,0.0055422407768436575,0.006471043133375171,0.012195094305586122,0.008602137542935095,0.007794916276119655,0.008669707930531022,0.004967970759055669,0.012399208628024745,0.01244301327072802,0.007245332076310823,0.005455694628328352,0.00890750232260113,0.009547726184003928,0.01043881401287153,0.019780671360644077,0.0048439632238177,0.006967515335603702,0.00919696435267595,0.019078663236672188,0.006739570007007788,0.0065818554193024905,0.02613121673705143,0.017201490826687493,0.010451466053232484,0.005827027444766969,0.009181043414024773,0.025868225217104652,0.0070842033130670435,0.012620891662371334,0.01155352596552627,0.008145342232757154,0.010181239338326582,0.011925430571374383,0.026952158494095886,0.010236853026666446,0.013947688310200563,0.009322739183199235,0.0057995905309602795,0.01950821499915076,0.010150480386815638,0.004631581976002581,0.007518769016435061,0.02217838758204715,0.003326217471201316,0.004476522230080822,0.008213946382146097,0.010340431969364763,0.005066489662547373,0.007334050658642567,0.00531150768893386,0.0019109226749978564,0.004631969992636326,0.003227860229236613,0.005791291146569624,0.010348453411225957,0.004650316279834686,0.007506963836813308,0.01271556467688467,0.013717747787053834,0.01127163551884204,0.005843753507678371,0.006029904542723157,0.013570950112268476,0.009608219765691439
P5,0.007021685228255216,0.002501984002799851,0.00526094434724255,0.007129268931897614,0.008867122543090088,0.013896716129693655,0.0019481933024956448,0.007943269871436254,0.0008302775903681503,0.004535192412313625,0.0015292259083728279,0.00022381311228334623,0.01322506321767868,0.009135456063989342,0.005887786362220946,0.0061509452899744296,0.01267576238916365,0.020719207054235907,0.002253940606073832,0.0120474736949699,0.00510642901717863,0.015935655510293693,0.004075448151781056,0.012783396401917647,0.002496594427244583,0.012355935270583394,0.012878293705444284,0.002235919998795617,0.00960239363329492,0.0023611111111111116,0.005451925158546556,0.009627821708508096,0.012652516543699423,0.01547649808629854,0.004877292266593421,0.005189193856684721,0.006482022227620799,0.005908034545171212,0.010755378403341627,0.010816038618487631,0.010268113165644466,0.0038535558257934742,0.014503419599547755,0.032134200670436756,0.02842085872814648,0.02147147549157397,0.006785091935043979,0.014228309723682196,0.006010464576469448,0.007139964745696964,0.022015209850009286,0.008075964238888716,0.0018052604422115668,0.0,0.020232505076489354,8.613189490168812e-05,0.038654809144687205,0.027054840859596464,0.008040913414006692,0.02648380276174042,0.004057591095602182,0.002484768672697498,0.003987025833331876,0.010538798331335775,0.012058560865899053,0.00946813198457277,0.01926879499467563,0.02037286609335958,0.017152884058319152,0.004362346585289032,0.00011963952765692989,0.014644124003101545,0.007407346062651392,0.002588109209750258,0.019657828815397474,0.0026500361396666226,0.00393709754944375,0.005244469148938408,0.0201914228640245,0.006165887366651925,0.0027927940878467983,0.0018993857239830137,0.0075301416800190694,0.006039026653854462,0.003600710554492066,0.009439428184790303,0.009848178972826627,0.004680455082296533,0.003867372182517867,0.0011346632692185387,0.008611224517218807,0.002355944310607989,0.00860253018706679,0.0030742933369181376,0.010084778108304207,0.0,0.009587393845968772,0.007617287357078974,0.0024849948259236866,0.006638376515131401,0.019080808938629096,0.011849576215469455,0.008765883410431215,0.006716324756108347,0.0,0.005477148141896333,0.008749056489690182,0.00787781805008968,0.005762970276122487,0.004344889612491296,0.012926206335505785,0.004086490329417387
P6,0.007608996608453102,0.006322862816044429,0.011109690727200616,0.007048704972706032,0.010712024810773586,0.011566331503831004,0.019451479052340754,0.00950261745019667,0.014018126036141701,0.01830570576168234,0.005595913170229497,0.00822467586609189,0.006959091724827839,0.007203848202134342,0.0170431114683758,0.005133453561574586,0.007556882165677881,0.002646390299212391,0.006707269669324565,0.006189724663851427,0.01981388015346278,0.004518268896699038,0.004890677007947263,0.00962251061260391,0.003789307550948257,0.006177010977157069,0.011186049499582193,0.005390953950338256,0.008959542058478258,0.003953878158851631,0.006986815816450107,0.010852435384512117,0.020023037931476154,0.008202241183132064,0.004602099475637766,0.002440726872961505,0.007397950865226643,0.00972826358338815,0.008115486488384373,0.010668114740687788,0.025072496181137258,0.004463222307541542,0.01571794269004389,0.005991107146329506,0.009902889116739588,0.00724048447591327,0.0074633844252922086,0.0067785862148529615,0.02363029194997973,0.0054631358553383,0.007125401606210455,0.008061605609298361,0.006540293289706527,0.0038925037018432023,0.0054885398929396065,0.001383361503682258,0.014751448550920412,0.0063288288503494895,0.00768677911144489,0.01002101426373952,0.005286780747061031,0.012217200157725242,0.008246570238268688,0.00571649198647362,0.006505559214772888,0.0033427520741403046,0.010310873008076335,0.006203099643962371,0.006782265141997693,0.007731584459592361,0.0049035622345541124,0.005775252117801442,0.005994404093865826,0.008148873996053303,0.008298462904373008,0.0048553140497869275,0.026966416448703918,0.005005116805558901,0.007856486064411248,0.0055034860380335435,0.008856506111524023,0.005353397741312396,0.012982559608051721,0.01482989844430338,0.020145904384310385,0.005336669135367143,0.008180695903871386,0.007765689327223713,0.019359992809852483,0.004966346940998553,0.009581260506719348,0.010033270137414974,0.007053061753723466,0.007645592178421773,0.012513698237661087,0.0035193553805470596,0.01739994856322669,0.004990783735340111,0.009020833058237044,0.007677625873487056,0.006268880352101614,0.010296599203904064,0.004738694095606973,0.008255644779522777,0.012126754120520932,0.004207545747831819,0.010151773174156631,0.008217788768475379,0.02655009436628085,0.004638506662041524,0.0060946571106794065,0.006359951880172871
P7,0.009088911206470018,0.03131880578980395,0.0097259090150423,0.02628524307576274,0.007827880901847745,0.007814511843592324,0.00870889311669459,0.0068745662872913395,0.0028228894088085602,0.0028493966430302243,0.011921766925678584,0.007507198873310333,0.01186999096037556,0.01018653124347677,0.003864162969486391,0.0032027043608950823,0.0061563527683135165,0.0056357779910494125,0.009408121784662564,0.003693912243500369,0.0022331924933426135,0.008292026858904978,0.007932705455547062,0.004242332075457665,0.0130392837858307,0.006761505044117342,0.009000143457174464,0.005083126103874578,0.0133682351574675,0.019824957744429144,0.004717355710541978,0.030527479454193582,0.006650371366404002,0.004643667381482951,0.008559345019255968,0.0109110932969915,0.004347919970367357,0.0062152436972603385,0.01481454934760982,0.003018730754885422,0.004943023256195648,0.0072601311195292124,0.012708736328395049,0.019484891613528663,0.010149395017594827,0.00905020621904537,0.010013397004239971,0.011374397982199181,0.007654701822433761,0.004320059781976467,0.004999148760967721,0.003165404637337421,0.013181149459216793,0.005962261970040668,0.006462342455899788,0.005345393423039869,0.017106335004769227,0.030247874444474153,0.014143560670905558,0.03942310887026803,0.013675828546964808,0.015331529007373713,0.004188707875602068,0.026077823407722526,0.00756056209346059,0.007570757682658436,0.0075224959329577125,0.019392393935982057,0.005355364629449494,0.0017144621377452043,0.009245377549541444,0.007962369197555297,0.0052112244173297935,0.0022015519229203664,0.005573104748596022,0.008978254185341015,0.004523747133574429,0.006059377836858637,0.009631490053872076,0.013413397074311415,0.004899257511787682,0.00285860256495612,0.007825337538103924,0.002350112067012242,0.010361817784157866,0.017505542392463803,0.005001064943271735,0.018068166067332102,0.005600467197007888,0.006257660489368902,0.0053043895282609355,0.007299836826812499,0.003271209267854712,0.0075219796456595725,0.01665278643360891,0.010583462504382706,0.010960102282154525,0.0047108622731610785,0.0034036795987806793,0.0012852248202681832,0.008088139502983762,0.004710310976258594,0.003916687071154721,0.0034004738032086916,0.005540217611311803,0.00904438423396025,0.0033196933927183967,0.0031047088444861965,0.005566458317732913,0.006028956889819574,0.00427515111177311,0.002151125712080113
P8,0.007162770009728916,0.0061254515035583205,0.0070730861785245815,0.004516151549099761,0.00908618418730698,0.01751613269625642,0.014758919877477865,0.005006710462598129,0.0044481323680096285,0.0013594684768966925,0.00753660050982446,0.008979711516063808,0.0072072208391453126,0.008642545527946228,0.007013969453047655,0.0060418678381422685,0.0027580329889906508,0.006368224836808192,0.017008436895033806,0.008278022053124367,0.007142351964641595,0.006987732912601971,0.007504099038768813,0.006799748382524723,0.002631362317178869,0.0033276890224651816,0.00708296899462542,0.008044948428371059,0.0057367535038590454,0.008239721634780029,0.009738383229028662,0.005988288348967723,0.006844808945598626,0.009000861838788666,0.00484667640303254,0.014100118097629746,0.0035314750098873744,0.006215547470044994,0.007458062762728245,0.008725140045128605,0.006303015079116374,0.007893260509310732,0.01073256503639929,0.005916925571022827,0.006441700060008942,0.007412704749066225,0.011329396168793233,0.006883897812550161,0.004494963228489886,0.004052366563577192,0.01540164178589603,0.011557227059175463,0.006743786826644592,0.007108731262371366,0.016630224920941874,0.007154685030109766,0.0217463124419215,0.016827588797306677,0.007225528525617197,0.012639766537774549,0.010793105918247503,0.011192352044333205,0.004972451946274898,0.011373461732037533,0.009502820932800414,0.0048776381930005,0.007202730953832706,0.003968235839799603,0.013781102251356946,0.006372182791097353,0.008481658251724653,0.00777126758764319,0.017039347709931856,0.010186805053486436,0.011723556653012304,0.010780738416498159,0.017120806575683784,0.009295382939472501,0.006167505800429872,0.007924002564488799,0.014596290655726154,0.007326997544293645,0.016656124796219866,0.007268266997905194,0.006771357049269581,0.014490967426090927,0.016819866281107446,0.010030493535926624,0.0039206721140878885,0.0070030276005468295,0.007564019276464524,0.009185866169863227,0.008871430926051704,0.011931520137371173,0.018531912610226166,0.010654182258346238,0.009637036506828194,0.006831493317035135,0.010642689109297707,0.011626718957438623,0.004693778931639094,0.008299911938644452,0.009293616360438243,0.01217499113706217,0.007281123889668304,0.005618317714898054,0.019105064192626038,0.013507908117787105,0.0056565688119453285,0.004551079121555466,0.01108405222261938,0.0065148340515374945
P9,0.0030863851771422146,0.00609776964241786,0.010468504058960102,0.004657541609018949,0.003930143071303126,0.006714141874160902,0.008038088795880628,0.010667012915071028,0.00731593150938236,0.008621862737425027,0.0066369406003152906,0.012833835926749367,0.008842797026060202,0.007901790114044236,0.008482841011198521,0.0094351702007021,0.011974338911284936,0.01008561570541185,0.009912039427701483,0.010927694750464356,0.008187946833194529,0.007529007883620424,0.011573281825513622,0.00879085369056511,0.00769962547474436,0.005635514137799966,0.012346492030461636,0.0037018615175793694,0.020325982539653262,0.0384194590267812,0.005306302846764394,0.034926126532560504,0.013472348490029514,0.012330271908298687,0.011631182188365966,0.011003438501716317,0.007533911350704875,0.013053737255339839,0.005654292043023772,0.027122625876365936,0.007076768846350329,0.00682539461349037,0.015783902678235096,0.004032699093034324,0.007563447845403478,0.006703770504562406,0.004508263334174923,0.006445835808480844,0.00788370966142099,0.0030868810679382935,0.00660667513407184,0.012379769496554633,0.00318045993083822,0.00835919104485578,0.0039555312823145285,0.010877398832834735,0.011689940041158153,0.012345056363548617,0.009378338765416444,0.006598549647471797,0.012031777635734951,0.007076552285990001,0.005738183169292144,0.010454264147810897,0.010301176423387355,0.0076224342967845795,0.004216265185824389,0.007529446625696784,0.005538034400696571,0.007216744283831597,0.005180564840324153,0.007413603681011511,0.015157426754743443,0.005168398844549925,0.007796879820110388,0.006227039179897046,0.004659565563400595,0.00795781705146076,0.009303628312426579,0.00510432105038608,0.002724937591071213,0.010355791061531004,0.01842144592511089,0.007519608187180178,0.004707804091830699,0.006310340483774156,0.008287610490296528,0.0049640286215420605,0.004210734960477124,0.006674195433651486,0.009874363448169207,0.00841152017979251,0.016327176291925042,0.01796243491212632,0.010200343034931648,0.023746354416400214,0.006642661361171699,0.00533657000195021,0.0044121846718586065,0.0038039210391488977,0.006386441491274882,0.007591966918117426,0.0045686334779696195,0.00516448167393424,0.005093792223873167,0.005620012399190297,0.01297443481348598,0.004898290742689138,0.00738276959997514,0.007890224674684261,0.002816115052293131,0.008868396165279678
