scale,notch,art,burst,model,combination,pid,test_recall,train_recall,test_f1,train_f1,test_accuracy,train_accuracy,test_n
Intra,NoNotch,NoArt,NoBurst,EI,Intra|NoNotch|NoArt|NoBurst|EI,4,0.6032679738562092,0.6212086625695055,0.48133852674926675,0.5641680417110585,0.5114133986928104,0.5231159420289855,170.0
Intra,NoNotch,NoArt,NoBurst,EI,Intra|NoNotch|NoArt|NoBurst|EI,5,0.4,0.4983333333333334,0.29561904761904756,0.4340540352930239,0.51,0.5116666666666665,60.0
Intra,NoNotch,NoArt,NoBurst,EI,Intra|NoNotch|NoArt|NoBurst|EI,6,0.5176623376623376,0.5031025991792066,0.48283399420909506,0.5044216669996382,0.5002597402597403,0.5137564979480164,214.0
Intra,NoNotch,NoArt,NoBurst,EI,Intra|NoNotch|NoArt|NoBurst|EI,7,0.5028758169934641,0.46372670807453426,0.43717411843614046,0.3969257020777043,0.5056209150326797,0.49689440993788825,174.0
Intra,NoNotch,NoArt,NoBurst,EI,Intra|NoNotch|NoArt|NoBurst|EI,8,0.52,0.502142857142857,0.4709887462180841,0.5079501651053215,0.5042857142857142,0.5144642857142856,280.0
Intra,NoNotch,NoArt,NoBurst,EI,Intra|NoNotch|NoArt|NoBurst|EI,9,0.831304347826087,0.8165217391304347,0.6138262438173606,0.6187255306550441,0.5052173913043478,0.5104347826086957,230.0
Intra,NoNotch,NoArt,NoBurst,EI,Intra|NoNotch|NoArt|NoBurst|EI,10,0.5443809523809524,0.517253478523896,0.48258427873523424,0.522385804029741,0.47990476190476195,0.5273502722323048,144.0
Intra,NoNotch,NoArt,NoBurst,EI,Intra|NoNotch|NoArt|NoBurst|EI,11,0.507983870967742,0.5241644794400699,0.4332584179501945,0.5188202329528588,0.5171370967741936,0.550673665791776,316.0
Intra,NoNotch,NoArt,NoBurst,EI,Intra|NoNotch|NoArt|NoBurst|EI,12,0.3203636363636363,0.352390243902439,0.2890127124337651,0.37121124357576374,0.5081818181818182,0.5122439024390244,102.0
Intra,NoNotch,NoArt,NoBurst,EI,Intra|NoNotch|NoArt|NoBurst|EI,13,0.843859649122807,0.8403963963963964,0.5958160815219639,0.6026586198295545,0.489766081871345,0.4851927927927928,186.0
Intra,NoNotch,NoArt,NoBurst,EI,Intra|NoNotch|NoArt|NoBurst|EI,14,0.45166666666666666,0.45600000000000007,0.44120933961535086,0.47221005779751213,0.4968,0.5096747474747475,248.0
Intra,NoNotch,NoArt,NoBurst,EI,Intra|NoNotch|NoArt|NoBurst|EI,15,0.4208695652173913,0.43525966598032484,0.34539597645554565,0.41614130922261666,0.4855434782608696,0.5083093113703958,234.0
Intra,NoNotch,NoArt,NoBurst,EI,Intra|NoNotch|NoArt|NoBurst|EI,17,0.5634882154882155,0.5229323975817021,0.4738996476666755,0.5053832497947284,0.49159595959595964,0.5144358009554812,544.0
Intra,NoNotch,NoArt,NoBurst,EI,Intra|NoNotch|NoArt|NoBurst|EI,18,0.32282051282051283,0.2969926630653874,0.3200597357744597,0.3400005746302811,0.5051282051282051,0.49925340643392724,394.0
Intra,NoNotch,NoArt,NoBurst,EI,Intra|NoNotch|NoArt|NoBurst|EI,20,0.666012605042017,0.6714831842410011,0.5317672496689461,0.5369817309536462,0.5293665966386555,0.5396035072004132,338.0
Intra,NoNotch,NoArt,NoBurst,EI,Intra|NoNotch|NoArt|NoBurst|EI,21,0.6353684210526315,0.5095379746835442,0.49937362852328365,0.5158552019981358,0.5056842105263157,0.5226898734177216,198.0
Intra,NoNotch,NoArt,NoBurst,EI,Intra|NoNotch|NoArt|NoBurst|EI,22,0.4342857142857143,0.4114285714285715,0.41454036463584787,0.44080069839393865,0.48571428571428577,0.4817857142857142,140.0
Intra,NoNotch,NoArt,NoBurst,EI,Intra|NoNotch|NoArt|NoBurst|EI,23,0.46829268292682935,0.4869285714285715,0.37671184626571647,0.40230159243310704,0.4870853658536586,0.5076940993788821,402.0
Intra,NoNotch,NoArt,NoBurst,EI,Intra|NoNotch|NoArt|NoBurst|EI,24,0.39217758985200846,0.4132522755963059,0.36468452882086616,0.4015682089969136,0.49360465116279073,0.5111859677097866,434.0
Intra,NoNotch,NoArt,NoBurst,EI,Intra|NoNotch|NoArt|NoBurst|EI,25,0.24129032258064517,0.25738016528925617,0.2628248298599518,0.3186773239151638,0.49806451612903224,0.5117424242424242,302.0
Intra,NoNotch,NoArt,NoBurst,EI,Intra|NoNotch|NoArt|NoBurst|EI,26,0.348,0.46831306187202537,0.3124022358595713,0.4219600158211237,0.4775833333333333,0.514013749338974,154.0
Intra,NoNotch,NoArt,NoBurst,EI,Intra|NoNotch|NoArt|NoBurst|EI,27,0.4136,0.47347039786788503,0.3973157590077535,0.46704423852309984,0.5056615384615385,0.5173367599466971,256.0
Intra,NoNotch,NoArt,NoBurst,EI,Intra|NoNotch|NoArt|NoBurst|EI,28,0.5792555168408827,0.5417715687474777,0.4679524604513709,0.493013957072215,0.5033333333333333,0.4978234824679535,410.0
Intra,NoNotch,NoArt,NoBurst,EI,Intra|NoNotch|NoArt|NoBurst|EI,30,0.30189723320158107,0.2912259675405743,0.2677106258177252,0.2775854460617042,0.5097233201581026,0.512027465667915,224.0
Intra,NoNotch,NoArt,NoBurst,EI,Intra|NoNotch|NoArt|NoBurst|EI,31,0.24330049261083744,0.3548466819221968,0.23672113437580106,0.39227426150887607,0.5027586206896553,0.49810373760488175,286.0
Intra,NoNotch,NoArt,NoBurst,RF,Intra|NoNotch|NoArt|NoBurst|RF,4,0.583562091503268,0.9988320545609548,0.5491604451234281,0.9973636435920679,0.5410702614379085,0.9973484241198103,170.0
Intra,NoNotch,NoArt,NoBurst,RF,Intra|NoNotch|NoArt|NoBurst|RF,5,0.6066666666666667,0.9733333333333334,0.5108585597409128,0.9826678772089105,0.5766666666666667,0.9833333333333332,60.0
Intra,NoNotch,NoArt,NoBurst,RF,Intra|NoNotch|NoArt|NoBurst|RF,6,0.5482251082251082,0.9677756497948016,0.5187391344569763,0.9404535582323152,0.5335064935064935,0.9385526675786593,214.0
Intra,NoNotch,NoArt,NoBurst,RF,Intra|NoNotch|NoArt|NoBurst|RF,7,0.8073202614379085,0.9810103519668736,0.7995357095604774,0.9866684447872733,0.7977777777777778,0.9867701863354037,174.0
Intra,NoNotch,NoArt,NoBurst,RF,Intra|NoNotch|NoArt|NoBurst|RF,8,0.47285714285714275,0.9503571428571428,0.47456244105794176,0.9475086487029575,0.525,0.9475,280.0
Intra,NoNotch,NoArt,NoBurst,RF,Intra|NoNotch|NoArt|NoBurst|RF,9,0.7252173913043478,0.9769565217391305,0.6486365456143345,0.9703509318699297,0.6208695652173913,0.9702173913043477,230.0
Intra,NoNotch,NoArt,NoBurst,RF,Intra|NoNotch|NoArt|NoBurst|RF,10,0.5533333333333335,0.8570719903206292,0.5380334498904158,0.8623432994010989,0.5714285714285714,0.8633333333333333,144.0
Intra,NoNotch,NoArt,NoBurst,RF,Intra|NoNotch|NoArt|NoBurst|RF,11,0.9371370967741935,0.982904636920385,0.8256504906837389,0.8449168629002693,0.7898790322580644,0.8190138732658416,316.0
Intra,NoNotch,NoArt,NoBurst,RF,Intra|NoNotch|NoArt|NoBurst|RF,12,0.8498181818181818,0.8766829268292682,0.9011408145256576,0.9279131555454493,0.9118181818181819,0.9324878048780487,102.0
Intra,NoNotch,NoArt,NoBurst,RF,Intra|NoNotch|NoArt|NoBurst|RF,13,0.7225730994152048,0.9434954954954955,0.6699853531401896,0.8863210607776064,0.6518713450292397,0.8787855855855856,186.0
Intra,NoNotch,NoArt,NoBurst,RF,Intra|NoNotch|NoArt|NoBurst|RF,14,0.49260000000000004,0.9742303030303031,0.45700621514224726,0.9774683101972812,0.5158666666666667,0.9776424242424243,248.0
Intra,NoNotch,NoArt,NoBurst,RF,Intra|NoNotch|NoArt|NoBurst|RF,15,0.7344927536231884,0.9978631892015557,0.6865951098893006,0.992362630047799,0.7018840579710146,0.9923038206360101,234.0
Intra,NoNotch,NoArt,NoBurst,RF,Intra|NoNotch|NoArt|NoBurst|RF,17,0.8542087542087543,0.941010442649981,0.7145839258041142,0.785403952818629,0.6560942760942761,0.7428182471568089,544.0
Intra,NoNotch,NoArt,NoBurst,RF,Intra|NoNotch|NoArt|NoBurst|RF,18,0.6957948717948719,0.893711198903491,0.6373635720589604,0.8406289918476675,0.6239999999999999,0.8309602515520439,394.0
Intra,NoNotch,NoArt,NoBurst,RF,Intra|NoNotch|NoArt|NoBurst|RF,20,0.6579831932773109,0.9863746958637469,0.6116090349550808,0.9831674894922348,0.6010735294117648,0.9831323996400803,338.0
Intra,NoNotch,NoArt,NoBurst,RF,Intra|NoNotch|NoArt|NoBurst|RF,21,0.4314736842105263,0.92523417721519,0.3856340060572325,0.9335357369412469,0.4911052631578947,0.9343481012658227,198.0
Intra,NoNotch,NoArt,NoBurst,RF,Intra|NoNotch|NoArt|NoBurst|RF,22,0.7085714285714285,0.9178571428571429,0.6803049084742863,0.9048482179832309,0.6757142857142857,0.9039285714285714,140.0
Intra,NoNotch,NoArt,NoBurst,RF,Intra|NoNotch|NoArt|NoBurst|RF,23,0.8259024390243903,0.9982593167701863,0.7665992652998914,0.9866365539019695,0.742719512195122,0.9864472049689441,402.0
Intra,NoNotch,NoArt,NoBurst,RF,Intra|NoNotch|NoArt|NoBurst|RF,24,0.9250528541226217,0.957606803534649,0.817840804573056,0.8498423874598018,0.7752854122621564,0.8303508072553318,434.0
Intra,NoNotch,NoArt,NoBurst,RF,Intra|NoNotch|NoArt|NoBurst|RF,25,0.9353978494623657,0.9827823691460054,0.785122737779682,0.8276919264725878,0.7277204301075268,0.7950482093663912,302.0
Intra,NoNotch,NoArt,NoBurst,RF,Intra|NoNotch|NoArt|NoBurst|RF,26,0.6425,0.9993548387096775,0.6615135658119702,0.9983791869918699,0.6741666666666667,0.9983712321523004,154.0
Intra,NoNotch,NoArt,NoBurst,RF,Intra|NoNotch|NoArt|NoBurst|RF,27,0.6870153846153846,0.9527546164096705,0.627845117638911,0.9239012196017479,0.6330153846153846,0.9215172282505236,256.0
Intra,NoNotch,NoArt,NoBurst,RF,Intra|NoNotch|NoArt|NoBurst|RF,28,0.5275296167247386,0.8719627458182,0.4381157110471043,0.883967590225109,0.5626957026713124,0.8856334072431633,410.0
Intra,NoNotch,NoArt,NoBurst,RF,Intra|NoNotch|NoArt|NoBurst|RF,30,0.8498814229249012,0.969143570536829,0.7664988243431669,0.8544748193720706,0.7345454545454546,0.834569288389513,224.0
Intra,NoNotch,NoArt,NoBurst,RF,Intra|NoNotch|NoArt|NoBurst|RF,31,0.5825123152709359,0.9503798627002288,0.5636392201193676,0.9464179753753413,0.566896551724138,0.9463264683447751,286.0
Intra,Notch,NoArt,NoBurst,EI,Intra|Notch|NoArt|NoBurst|EI,4,0.5824836601307188,0.5281216678754564,0.4827246485667187,0.5188832403921904,0.5164624183006536,0.5149280451960149,170.0
Intra,Notch,NoArt,NoBurst,EI,Intra|Notch|NoArt|NoBurst|EI,5,0.48,0.5633333333333334,0.35434173669467783,0.47802173119436925,0.5,0.5175000000000001,60.0
Intra,Notch,NoArt,NoBurst,EI,Intra|Notch|NoArt|NoBurst|EI,6,0.4354978354978355,0.5228399452804378,0.43028618905168037,0.5166574395119123,0.48909090909090913,0.5175129958960328,214.0
Intra,Notch,NoArt,NoBurst,EI,Intra|Notch|NoArt|NoBurst|EI,7,0.9077124183006535,0.9260041407867495,0.6334939324110772,0.6427330684274539,0.5061437908496732,0.5154989648033126,174.0
Intra,Notch,NoArt,NoBurst,EI,Intra|Notch|NoArt|NoBurst|EI,8,0.5228571428571428,0.5028571428571429,0.473601511561354,0.5082570706659346,0.5064285714285715,0.5142857142857142,280.0
Intra,Notch,NoArt,NoBurst,EI,Intra|Notch|NoArt|NoBurst|EI,9,0.5182608695652174,0.5230434782608695,0.45592818574238725,0.49183651167016584,0.5165217391304349,0.5310869565217391,230.0
Intra,Notch,NoArt,NoBurst,EI,Intra|Notch|NoArt|NoBurst|EI,10,0.5489523809523809,0.5326194797338173,0.4807324238999161,0.532204847490345,0.4753333333333333,0.5318753781004235,144.0
Intra,Notch,NoArt,NoBurst,EI,Intra|Notch|NoArt|NoBurst|EI,11,0.4255645161290323,0.42220722409698785,0.41875429829247146,0.4816631101439004,0.5310483870967743,0.5484101987251595,316.0
Intra,Notch,NoArt,NoBurst,EI,Intra|Notch|NoArt|NoBurst|EI,12,0.548,0.4582682926829268,0.43168058608058607,0.4418047933226009,0.5276363636363636,0.5263414634146342,102.0
Intra,Notch,NoArt,NoBurst,EI,Intra|Notch|NoArt|NoBurst|EI,13,0.7745029239766081,0.7901837837837837,0.5477647609101549,0.5686527425449189,0.482280701754386,0.4887531531531531,186.0
Intra,Notch,NoArt,NoBurst,EI,Intra|Notch|NoArt|NoBurst|EI,14,0.5362666666666668,0.4995030303030303,0.46055806964409507,0.502205370994124,0.49239999999999995,0.5244040404040404,248.0
Intra,Notch,NoArt,NoBurst,EI,Intra|Notch|NoArt|NoBurst|EI,15,0.34094202898550724,0.36603980782429646,0.30581940054515133,0.4008011036470654,0.47076086956521734,0.4952345001143902,234.0
Intra,Notch,NoArt,NoBurst,EI,Intra|Notch|NoArt|NoBurst|EI,17,0.5829764309764309,0.5539398807762229,0.48679684798364226,0.5156614957382232,0.48797979797979807,0.5113127298862723,544.0
Intra,Notch,NoArt,NoBurst,EI,Intra|Notch|NoArt|NoBurst|EI,18,0.6987692307692307,0.6473562847698138,0.540622954686416,0.5383187424311081,0.4899102564102564,0.506073530597436,394.0
Intra,Notch,NoArt,NoBurst,EI,Intra|Notch|NoArt|NoBurst|EI,20,0.4468886554621848,0.46335187000924005,0.40469946352757313,0.4403859194392835,0.4782373949579831,0.513927370447035,338.0
Intra,Notch,NoArt,NoBurst,EI,Intra|Notch|NoArt|NoBurst|EI,21,0.609578947368421,0.5120759493670886,0.48344663501384416,0.5152587070733416,0.4828947368421053,0.5191582278481013,198.0
Intra,Notch,NoArt,NoBurst,EI,Intra|Notch|NoArt|NoBurst|EI,22,0.40857142857142864,0.4214285714285714,0.39581448868436164,0.4533312447931733,0.4742857142857143,0.5064285714285715,140.0
Intra,Notch,NoArt,NoBurst,EI,Intra|Notch|NoArt|NoBurst|EI,23,0.4573170731707317,0.4367298136645963,0.3869550203690143,0.38426532905382793,0.47647560975609754,0.506347049689441,402.0
Intra,Notch,NoArt,NoBurst,EI,Intra|Notch|NoArt|NoBurst|EI,24,0.3697040169133192,0.4341505547804133,0.34107764338916097,0.4125550344576657,0.48627906976744184,0.5119998671184639,434.0
Intra,Notch,NoArt,NoBurst,EI,Intra|Notch|NoArt|NoBurst|EI,25,0.5078709677419355,0.6162837465564739,0.43467560533483374,0.5340807095079586,0.49995698924731186,0.5157203856749311,302.0
Intra,Notch,NoArt,NoBurst,EI,Intra|Notch|NoArt|NoBurst|EI,26,0.28500000000000003,0.396467477525119,0.2824502168269223,0.38977959370423665,0.48150000000000004,0.5172765732416711,154.0
Intra,Notch,NoArt,NoBurst,EI,Intra|Notch|NoArt|NoBurst|EI,27,0.3250461538461539,0.3815838568437083,0.34781878576945047,0.4121006062148956,0.501476923076923,0.5091738054445079,256.0
Intra,Notch,NoArt,NoBurst,EI,Intra|Notch|NoArt|NoBurst|EI,28,0.6610452961672474,0.5729869184135232,0.5214994150006204,0.5071791272952586,0.5052497096399535,0.49867419368002935,410.0
Intra,Notch,NoArt,NoBurst,EI,Intra|Notch|NoArt|NoBurst|EI,30,0.30719367588932806,0.31701373283395756,0.26556231423849114,0.28671384110718173,0.5088142292490119,0.5062197253433209,224.0
Intra,Notch,NoArt,NoBurst,EI,Intra|Notch|NoArt|NoBurst|EI,31,0.2901970443349754,0.37645461479786424,0.26258983976348826,0.40623136776488245,0.49931034482758624,0.49878565980167816,286.0
Intra,Notch,NoArt,NoBurst,RF,Intra|Notch|NoArt|NoBurst|RF,4,0.5877450980392156,0.9994117647058823,0.5539675022212633,0.9985315268037466,0.5538888888888889,0.9985206321334503,170.0
Intra,Notch,NoArt,NoBurst,RF,Intra|Notch|NoArt|NoBurst|RF,5,0.5866666666666667,0.97,0.5085535053182112,0.9817042632711986,0.5799999999999998,0.9825000000000002,60.0
Intra,Notch,NoArt,NoBurst,RF,Intra|Notch|NoArt|NoBurst|RF,6,0.47186147186147187,0.9550971272229823,0.45927206686607497,0.9484287216724331,0.4855411255411255,0.9478905608755129,214.0
Intra,Notch,NoArt,NoBurst,RF,Intra|Notch|NoArt|NoBurst|RF,7,0.8508496732026142,0.9821780538302276,0.8770560934916274,0.9909736742276797,0.883267973856209,0.9910890269151139,174.0
Intra,Notch,NoArt,NoBurst,RF,Intra|Notch|NoArt|NoBurst|RF,8,0.4257142857142857,0.9321428571428572,0.42974664636367166,0.930843745931195,0.5021428571428571,0.9307142857142857,280.0
Intra,Notch,NoArt,NoBurst,RF,Intra|Notch|NoArt|NoBurst|RF,9,0.5721739130434782,0.9591304347826087,0.5426652666579175,0.9660354861708278,0.5365217391304348,0.9663043478260869,230.0
Intra,Notch,NoArt,NoBurst,RF,Intra|Notch|NoArt|NoBurst|RF,10,0.5316190476190477,0.85005444646098,0.519054787128354,0.8600886000565705,0.5507619047619048,0.8619177253478524,144.0
Intra,Notch,NoArt,NoBurst,RF,Intra|Notch|NoArt|NoBurst|RF,11,0.5203629032258064,0.7335283089613799,0.4873688851926582,0.7515272758246991,0.5246572580645161,0.7576877890263717,316.0
Intra,Notch,NoArt,NoBurst,RF,Intra|Notch|NoArt|NoBurst|RF,12,0.8465454545454545,0.880560975609756,0.8963009305795682,0.932183080181348,0.908,0.9363780487804878,102.0
Intra,Notch,NoArt,NoBurst,RF,Intra|Notch|NoArt|NoBurst|RF,13,0.5407017543859649,0.8725117117117117,0.5119233279351413,0.8699122592688934,0.5085380116959064,0.8696036036036036,186.0
Intra,Notch,NoArt,NoBurst,RF,Intra|Notch|NoArt|NoBurst|RF,14,0.40939999999999993,0.964141414141414,0.3889078596727818,0.9720823788527891,0.48633333333333334,0.9723878787878787,248.0
Intra,Notch,NoArt,NoBurst,RF,Intra|Notch|NoArt|NoBurst|RF,15,0.5721014492753623,0.9965865934568748,0.5466562926730749,0.9931958237758824,0.5669927536231885,0.9931548844657974,234.0
Intra,Notch,NoArt,NoBurst,RF,Intra|Notch|NoArt|NoBurst|RF,17,0.5719865319865319,0.7683701856001353,0.5321736733212412,0.7600626399994839,0.5136094276094276,0.757435420454065,544.0
Intra,Notch,NoArt,NoBurst,RF,Intra|Notch|NoArt|NoBurst|RF,18,0.5597435897435897,0.7693445134241716,0.5248132250521552,0.7882375054787725,0.5553589743589743,0.7944481173909539,394.0
Intra,Notch,NoArt,NoBurst,RF,Intra|Notch|NoArt|NoBurst|RF,20,0.4623991596638655,0.9645088426480735,0.5000873703608067,0.9754094620650118,0.5542289915966387,0.9757530595199186,338.0
Intra,Notch,NoArt,NoBurst,RF,Intra|Notch|NoArt|NoBurst|RF,21,0.4272631578947369,0.9307658227848101,0.3833246272713292,0.9300475165229376,0.4590526315789473,0.930006329113924,198.0
Intra,Notch,NoArt,NoBurst,RF,Intra|Notch|NoArt|NoBurst|RF,22,0.5914285714285714,0.8414285714285714,0.588729588128546,0.8438823945334631,0.6114285714285714,0.8442857142857143,140.0
Intra,Notch,NoArt,NoBurst,RF,Intra|Notch|NoArt|NoBurst|RF,23,0.5705853658536586,0.9848260869565217,0.5571292827429308,0.9894560784759493,0.554439024390244,0.9895512422360249,402.0
Intra,Notch,NoArt,NoBurst,RF,Intra|Notch|NoArt|NoBurst|RF,24,0.4891331923890063,0.7172626403561224,0.4881255804945335,0.7402122888370524,0.5263319238900633,0.7490698292472262,434.0
Intra,Notch,NoArt,NoBurst,RF,Intra|Notch|NoArt|NoBurst|RF,25,0.48352688172043007,0.8125867768595041,0.45526790690635865,0.8306984698823909,0.513225806451613,0.8346322314049587,302.0
Intra,Notch,NoArt,NoBurst,RF,Intra|Notch|NoArt|NoBurst|RF,26,0.4833333333333334,0.9948281332628239,0.5431899925015561,0.9944765759932587,0.5993333333333334,0.994479111581174,154.0
Intra,Notch,NoArt,NoBurst,RF,Intra|Notch|NoArt|NoBurst|RF,27,0.5333538461538462,0.9030801446792308,0.513386540769387,0.9132576566834267,0.5330153846153847,0.9144298496097466,256.0
Intra,Notch,NoArt,NoBurst,RF,Intra|Notch|NoArt|NoBurst|RF,28,0.5523670150987224,0.8787846956774086,0.4534542159457523,0.8866060740533911,0.5655563298490127,0.8877007196006149,410.0
Intra,Notch,NoArt,NoBurst,RF,Intra|Notch|NoArt|NoBurst|RF,30,0.44229249011857713,0.8484993757802746,0.4150269868328561,0.8311795997941251,0.5125296442687747,0.8278052434456928,224.0
Intra,Notch,NoArt,NoBurst,RF,Intra|Notch|NoArt|NoBurst|RF,31,0.44679802955665027,0.9234508009153318,0.4624299426568836,0.9240786274195336,0.5074137931034483,0.9241311975591152,286.0
Intra,Notch,Art,NoBurst,EI,Intra|Notch|Art|NoBurst|EI,4,0.6120239760239761,0.5100791547142531,0.4841847736750494,0.5220177495124216,0.48199023199023194,0.5212728950911025,125.2
Intra,Notch,Art,NoBurst,EI,Intra|Notch|Art|NoBurst|EI,5,0.666,0.7002837364472174,0.4646448845272374,0.561195265850265,0.508,0.5576326752061858,40.8
Intra,Notch,Art,NoBurst,EI,Intra|Notch|Art|NoBurst|EI,6,0.457015887449324,0.5100718305022929,0.4340519717785044,0.5099758501080851,0.49169671015259253,0.5189897310442404,159.2
Intra,Notch,Art,NoBurst,EI,Intra|Notch|Art|NoBurst|EI,7,0.8239360639360639,0.8212105719568298,0.5944415053901659,0.6844951090596351,0.514085359085359,0.6048548120423086,80.0
Intra,Notch,Art,NoBurst,EI,Intra|Notch|Art|NoBurst|EI,8,0.5183123807542571,0.5083502279475733,0.46619126616943224,0.5046502086626964,0.48317192090899186,0.5165066485244555,220.4
Intra,Notch,Art,NoBurst,EI,Intra|Notch|Art|NoBurst|EI,9,0.5018892864960977,0.4969649518981889,0.43713362309550313,0.4727881104817043,0.5170722930320454,0.5379616692889508,182.4
Intra,Notch,Art,NoBurst,EI,Intra|Notch|Art|NoBurst|EI,10,0.5580683760683762,0.5225859286950291,0.5066147962211803,0.526127163773903,0.5177428127428129,0.5313344149171988,110.4
Intra,Notch,Art,NoBurst,EI,Intra|Notch|Art|NoBurst|EI,11,0.4790416047889732,0.4185889632577228,0.4539181757541321,0.48457252029233633,0.5410156239472028,0.5403354963209277,242.0
Intra,Notch,Art,NoBurst,EI,Intra|Notch|Art|NoBurst|EI,12,0.595,0.5047988406479866,0.4432481744545818,0.4982850362394271,0.5084920634920634,0.5131610109758658,59.2
Intra,Notch,Art,NoBurst,EI,Intra|Notch|Art|NoBurst|EI,13,0.3295421245421245,0.30585384894022416,0.3191819330727584,0.2968663029701095,0.5312527472527473,0.5338860848013613,149.2
Intra,Notch,Art,NoBurst,EI,Intra|Notch|Art|NoBurst|EI,14,0.500546169344931,0.49502115368690935,0.43752656418473873,0.5026127044282168,0.48438763575605687,0.5201093825241474,194.4
Intra,Notch,Art,NoBurst,EI,Intra|Notch|Art|NoBurst|EI,15,0.37505597326649964,0.4073806129284582,0.3301232887877313,0.4293192272544998,0.4942206156416683,0.5012659317147715,172.0
Intra,Notch,Art,NoBurst,EI,Intra|Notch|Art|NoBurst|EI,17,0.5837873033956784,0.5933868876072178,0.48958107792007227,0.535520852237865,0.4911621369184564,0.5137923448150128,426.0
Intra,Notch,Art,NoBurst,EI,Intra|Notch|Art|NoBurst|EI,18,0.751458725923687,0.7128816445633485,0.571073121008763,0.5687414164093896,0.49361299004110465,0.51148591281028,308.8
Intra,Notch,Art,NoBurst,EI,Intra|Notch|Art|NoBurst|EI,20,0.38426755938270185,0.3936183803469525,0.37499410731766386,0.39758393434156003,0.4908187718106758,0.5206469055295507,267.2
Intra,Notch,Art,NoBurst,EI,Intra|Notch|Art|NoBurst|EI,21,0.5714770817417876,0.5055167287214223,0.46734214528504675,0.5063157071203976,0.5037598039215686,0.5043524930794326,147.2
Intra,Notch,Art,NoBurst,EI,Intra|Notch|Art|NoBurst|EI,22,0.3793550893550893,0.45766504528695756,0.37834258286952127,0.48849634118691776,0.4832222222222223,0.5262529261680372,102.8
Intra,Notch,Art,NoBurst,EI,Intra|Notch|Art|NoBurst|EI,23,0.4102328024219014,0.37864253665430575,0.35387078575296443,0.3409940228846455,0.47728892022283376,0.5041411296381126,308.8
Intra,Notch,Art,NoBurst,EI,Intra|Notch|Art|NoBurst|EI,24,0.495492939576531,0.5075768435674235,0.41839819620744867,0.4550374250611444,0.4896535870065281,0.5045948633155153,328.4
Intra,Notch,Art,NoBurst,EI,Intra|Notch|Art|NoBurst|EI,25,0.6477292378119964,0.7243001481044239,0.52501138004028,0.5934553988257146,0.5163940121181501,0.5170328039434734,231.2
Intra,Notch,Art,NoBurst,EI,Intra|Notch|Art|NoBurst|EI,26,0.21806260406260405,0.3136331085122119,0.24686898897714835,0.3325603908267959,0.5004872627372627,0.5415556287694583,130.4
Intra,Notch,Art,NoBurst,EI,Intra|Notch|Art|NoBurst|EI,27,0.3817673548165539,0.3684335277816754,0.3855393904571113,0.3979142547937818,0.5315282763892604,0.5138940731350046,197.6
Intra,Notch,Art,NoBurst,EI,Intra|Notch|Art|NoBurst|EI,28,0.5984052075375604,0.4997235101575324,0.4778908205314586,0.4645976595856758,0.5101196630167217,0.5025343616502156,312.4
Intra,Notch,Art,NoBurst,EI,Intra|Notch|Art|NoBurst|EI,30,0.2793464052287582,0.279548764029205,0.24106470813593844,0.2626072197434756,0.5115686274509803,0.5106681084360708,180.4
Intra,Notch,Art,NoBurst,EI,Intra|Notch|Art|NoBurst|EI,31,0.3280107440995313,0.39343532097189093,0.28265493739506875,0.41819091840225414,0.5020709612279407,0.49777833970213337,220.8
Intra,Notch,Art,NoBurst,RF,Intra|Notch|Art|NoBurst|RF,4,0.6682977022977024,1.0,0.5708829309039813,1.0,0.5470601620601621,1.0,125.2
Intra,Notch,Art,NoBurst,RF,Intra|Notch|Art|NoBurst|RF,5,0.4713333333333334,0.9757405992700111,0.3943225402048932,0.9864308207632148,0.5156666666666666,0.9866587563172929,40.8
Intra,Notch,Art,NoBurst,RF,Intra|Notch|Art|NoBurst|RF,6,0.5344077781523602,0.9618885413111666,0.5137283104892134,0.9624671513981242,0.5146406550106241,0.9625360669529585,159.2
Intra,Notch,Art,NoBurst,RF,Intra|Notch|Art|NoBurst|RF,7,0.9447441447441447,0.9986315789473684,0.8921244415211115,0.9993098832453334,0.8846242646242647,0.9991157791890573,80.0
Intra,Notch,Art,NoBurst,RF,Intra|Notch|Art|NoBurst|RF,8,0.3970979821094237,0.9051474429327803,0.4210925593504581,0.9184431541711076,0.5130874399437328,0.9223005564683172,220.4
Intra,Notch,Art,NoBurst,RF,Intra|Notch|Art|NoBurst|RF,9,0.5404372875146869,0.936950150430875,0.5430874261523144,0.955980810565921,0.5670109453669825,0.9582238668458111,182.4
Intra,Notch,Art,NoBurst,RF,Intra|Notch|Art|NoBurst|RF,10,0.4857140637140637,0.8568649930122019,0.4833053674745015,0.8721227826675619,0.5394926184926186,0.8758787308424896,110.4
Intra,Notch,Art,NoBurst,RF,Intra|Notch|Art|NoBurst|RF,11,0.6157111291285204,0.832884363147856,0.5426965272174299,0.7990967738280934,0.542450249885719,0.7814503148008715,242.0
Intra,Notch,Art,NoBurst,RF,Intra|Notch|Art|NoBurst|RF,12,0.9122222222222222,0.9262290031597432,0.9262846956964605,0.9521798940649392,0.9322222222222221,0.9464312168235688,59.2
Intra,Notch,Art,NoBurst,RF,Intra|Notch|Art|NoBurst|RF,13,0.40827213962508085,0.8534874643355511,0.42219445519936405,0.8766332402612566,0.4761379013143719,0.8831479507797522,149.2
Intra,Notch,Art,NoBurst,RF,Intra|Notch|Art|NoBurst|RF,14,0.4707827411666421,0.9734526074212104,0.43547590557825694,0.9772707143432685,0.5070144478844169,0.9769767421478386,194.4
Intra,Notch,Art,NoBurst,RF,Intra|Notch|Art|NoBurst|RF,15,0.6290883619304672,0.998373015873016,0.5589450057320657,0.9938480035005208,0.5614198958935801,0.9934581461667171,172.0
Intra,Notch,Art,NoBurst,RF,Intra|Notch|Art|NoBurst|RF,17,0.5855455165300045,0.7715516301793424,0.5436284221655954,0.7604002985454296,0.5364419098476783,0.7596121068333141,426.0
Intra,Notch,Art,NoBurst,RF,Intra|Notch|Art|NoBurst|RF,18,0.519303383213005,0.7519374934521178,0.5028583585138973,0.7842872214286445,0.5409092242110873,0.7929642365014071,308.8
Intra,Notch,Art,NoBurst,RF,Intra|Notch|Art|NoBurst|RF,20,0.38085853178416895,0.9766158625718351,0.4395826996955158,0.9870410758686285,0.5386692648791598,0.9879899721579068,267.2
Intra,Notch,Art,NoBurst,RF,Intra|Notch|Art|NoBurst|RF,21,0.51796099651982,0.9490935511893056,0.45226918533683025,0.938276454229829,0.5275437144554792,0.9368343817810052,147.2
Intra,Notch,Art,NoBurst,RF,Intra|Notch|Art|NoBurst|RF,22,0.5833488733488734,0.9150242164983778,0.5683414480814399,0.8886992755352259,0.6005547785547785,0.8833871596018351,102.8
Intra,Notch,Art,NoBurst,RF,Intra|Notch|Art|NoBurst|RF,23,0.5326161645286163,0.990173879202916,0.5381706990862962,0.9933160158175257,0.558632239034058,0.9934302781260642,308.8
Intra,Notch,Art,NoBurst,RF,Intra|Notch|Art|NoBurst|RF,24,0.5479648653859179,0.8070694604728376,0.5149076105071076,0.7792685284203905,0.5192478124196391,0.7665022417191535,328.4
Intra,Notch,Art,NoBurst,RF,Intra|Notch|Art|NoBurst|RF,25,0.5110769302217578,0.8889402137356678,0.46573188062879095,0.8761482355929985,0.5095388047457013,0.8720081306566764,231.2
Intra,Notch,Art,NoBurst,RF,Intra|Notch|Art|NoBurst|RF,26,0.41266833166833167,0.9966559885938768,0.4754307626149653,0.9975584142186117,0.5740303862803863,0.9977255612760485,130.4
Intra,Notch,Art,NoBurst,RF,Intra|Notch|Art|NoBurst|RF,27,0.518804116681691,0.9268183367181753,0.5037603217527936,0.9322504237866263,0.5340891243259664,0.933377660402803,197.6
Intra,Notch,Art,NoBurst,RF,Intra|Notch|Art|NoBurst|RF,28,0.5428615601665887,0.8728339427801709,0.4464083027615587,0.8933048295590073,0.559816050858271,0.8984287444857563,312.4
Intra,Notch,Art,NoBurst,RF,Intra|Notch|Art|NoBurst|RF,30,0.44172976559044674,0.8750806145905654,0.4039280165264592,0.8572604023330959,0.4944413730404443,0.8521384586065519,180.4
Intra,Notch,Art,NoBurst,RF,Intra|Notch|Art|NoBurst|RF,31,0.4234542598873734,0.9282237029666807,0.42926309120681666,0.9218411074972577,0.46855959818886184,0.9196809096099056,220.8
Intra,Notch,NoArt,Burst,EI,Intra|Notch|NoArt|Burst|EI,4,0.5112843137254902,0.52881195047779,0.42974867631073466,0.5225489654114346,0.4819901960784314,0.5092853912256897,162.0
Intra,Notch,NoArt,Burst,EI,Intra|Notch|NoArt|Burst|EI,5,0.48,0.5633333333333334,0.35434173669467783,0.47802173119436925,0.5,0.5175000000000001,60.0
Intra,Notch,NoArt,Burst,EI,Intra|Notch|NoArt|Burst|EI,6,0.4354978354978355,0.5228399452804378,0.43028618905168037,0.5166574395119123,0.48909090909090913,0.5175129958960328,214.0
Intra,Notch,NoArt,Burst,EI,Intra|Notch|NoArt|Burst|EI,7,0.9077124183006535,0.9260041407867495,0.6334939324110772,0.6427330684274539,0.5061437908496732,0.5154989648033126,174.0
Intra,Notch,NoArt,Burst,EI,Intra|Notch|NoArt|Burst|EI,8,0.5198901098901099,0.5067857142857142,0.4746191190836055,0.5108575077386186,0.5114835164835164,0.5120318532818533,276.0
Intra,Notch,NoArt,Burst,EI,Intra|Notch|NoArt|Burst|EI,9,0.5182608695652174,0.5230434782608695,0.45592818574238725,0.49183651167016584,0.5165217391304349,0.5310869565217391,230.0
Intra,Notch,NoArt,Burst,EI,Intra|Notch|NoArt|Burst|EI,10,0.5489523809523809,0.5326194797338173,0.4807324238999161,0.532204847490345,0.4753333333333333,0.5318753781004235,144.0
Intra,Notch,NoArt,Burst,EI,Intra|Notch|NoArt|Burst|EI,11,0.4255645161290323,0.42220722409698785,0.41875429829247146,0.4816631101439004,0.5310483870967743,0.5484101987251595,316.0
Intra,Notch,NoArt,Burst,EI,Intra|Notch|NoArt|Burst|EI,12,0.548,0.4582682926829268,0.43168058608058607,0.4418047933226009,0.5276363636363636,0.5263414634146342,102.0
Intra,Notch,NoArt,Burst,EI,Intra|Notch|NoArt|Burst|EI,13,0.7745029239766081,0.7901837837837837,0.5477647609101549,0.5686527425449189,0.482280701754386,0.4887531531531531,186.0
Intra,Notch,NoArt,Burst,EI,Intra|Notch|NoArt|Burst|EI,14,0.5362666666666668,0.4995030303030303,0.46055806964409507,0.502205370994124,0.49239999999999995,0.5244040404040404,248.0
Intra,Notch,NoArt,Burst,EI,Intra|Notch|NoArt|Burst|EI,15,0.33789102202145677,0.3673164035689773,0.29985369924285943,0.40533223878653235,0.46968944099378884,0.49281501931713195,224.0
Intra,Notch,NoArt,Burst,EI,Intra|Notch|NoArt|Burst|EI,17,0.6335998201658579,0.5834820107385955,0.5162999390460035,0.5327321650535789,0.4899296692126881,0.5102313265232196,532.0
Intra,Notch,NoArt,Burst,EI,Intra|Notch|NoArt|Burst|EI,18,0.6987692307692307,0.6473562847698138,0.540622954686416,0.5383187424311081,0.4899102564102564,0.506073530597436,394.0
Intra,Notch,NoArt,Burst,EI,Intra|Notch|NoArt|Burst|EI,20,0.42174025974025975,0.4424430806228388,0.38694932214426014,0.4327773471393491,0.4662762923351159,0.51267314732609,328.0
Intra,Notch,NoArt,Burst,EI,Intra|Notch|NoArt|Burst|EI,21,0.609578947368421,0.5120759493670886,0.48344663501384416,0.5152587070733416,0.4828947368421053,0.5191582278481013,198.0
Intra,Notch,NoArt,Burst,EI,Intra|Notch|NoArt|Burst|EI,22,0.40857142857142864,0.4214285714285714,0.39581448868436164,0.4533312447931733,0.4742857142857143,0.5064285714285715,140.0
Intra,Notch,NoArt,Burst,EI,Intra|Notch|NoArt|Burst|EI,23,0.45426174253645374,0.4364813664596273,0.38433227509089973,0.38532638357585414,0.4757657088311774,0.5055010147184194,396.0
Intra,Notch,NoArt,Burst,EI,Intra|Notch|NoArt|Burst|EI,24,0.3697040169133192,0.4341505547804133,0.34107764338916097,0.4125550344576657,0.48627906976744184,0.5119998671184639,434.0
Intra,Notch,NoArt,Burst,EI,Intra|Notch|NoArt|Burst|EI,25,0.5078709677419355,0.6162837465564739,0.43467560533483374,0.5340807095079586,0.49995698924731186,0.5157203856749311,302.0
Intra,Notch,NoArt,Burst,EI,Intra|Notch|NoArt|Burst|EI,26,0.28557142857142853,0.3971126388154415,0.283497334013493,0.3911943830319399,0.48121428571428576,0.5167310180699781,152.0
Intra,Notch,NoArt,Burst,EI,Intra|Notch|NoArt|Burst|EI,27,0.3250461538461539,0.3815838568437083,0.34781878576945047,0.4121006062148956,0.501476923076923,0.5091738054445079,256.0
Intra,Notch,NoArt,Burst,EI,Intra|Notch|NoArt|Burst|EI,28,0.4200849052825504,0.4523559733199116,0.36271411943985704,0.45804683689029846,0.5007193551582911,0.5045849400293181,382.0
Intra,Notch,NoArt,Burst,EI,Intra|Notch|NoArt|Burst|EI,30,0.30719367588932806,0.31701373283395756,0.26556231423849114,0.28671384110718173,0.5088142292490119,0.5062197253433209,224.0
Intra,Notch,NoArt,Burst,EI,Intra|Notch|NoArt|Burst|EI,31,0.2901970443349754,0.37645461479786424,0.26258983976348826,0.40623136776488245,0.49931034482758624,0.49878565980167816,286.0
Intra,Notch,NoArt,Burst,RF,Intra|Notch|NoArt|Burst|RF,4,0.6291274509803921,1.0,0.5777974133751805,0.9994202594129076,0.5630588235294118,0.9993984622342831,162.0
Intra,Notch,NoArt,Burst,RF,Intra|Notch|NoArt|Burst|RF,5,0.5866666666666667,0.97,0.5085535053182112,0.9817042632711986,0.5799999999999998,0.9825000000000002,60.0
Intra,Notch,NoArt,Burst,RF,Intra|Notch|NoArt|Burst|RF,6,0.47186147186147187,0.9550971272229823,0.45927206686607497,0.9484287216724331,0.4855411255411255,0.9478905608755129,214.0
Intra,Notch,NoArt,Burst,RF,Intra|Notch|NoArt|Burst|RF,7,0.8508496732026142,0.9821780538302276,0.8770560934916274,0.9909736742276797,0.883267973856209,0.9910890269151139,174.0
Intra,Notch,NoArt,Burst,RF,Intra|Notch|NoArt|Burst|RF,8,0.42604395604395606,0.9496428571428572,0.4331730213184735,0.9430766874959817,0.5014835164835165,0.9422876447876447,276.0
Intra,Notch,NoArt,Burst,RF,Intra|Notch|NoArt|Burst|RF,9,0.5721739130434782,0.9591304347826087,0.5426652666579175,0.9660354861708278,0.5365217391304348,0.9663043478260869,230.0
Intra,Notch,NoArt,Burst,RF,Intra|Notch|NoArt|Burst|RF,10,0.5316190476190477,0.85005444646098,0.519054787128354,0.8600886000565705,0.5507619047619048,0.8619177253478524,144.0
Intra,Notch,NoArt,Burst,RF,Intra|Notch|NoArt|Burst|RF,11,0.5203629032258064,0.7335283089613799,0.4873688851926582,0.7515272758246991,0.5246572580645161,0.7576877890263717,316.0
Intra,Notch,NoArt,Burst,RF,Intra|Notch|NoArt|Burst|RF,12,0.8465454545454545,0.880560975609756,0.8963009305795682,0.932183080181348,0.908,0.9363780487804878,102.0
Intra,Notch,NoArt,Burst,RF,Intra|Notch|NoArt|Burst|RF,13,0.5407017543859649,0.8725117117117117,0.5119233279351413,0.8699122592688934,0.5085380116959064,0.8696036036036036,186.0
Intra,Notch,NoArt,Burst,RF,Intra|Notch|NoArt|Burst|RF,14,0.40939999999999993,0.964141414141414,0.3889078596727818,0.9720823788527891,0.48633333333333334,0.9723878787878787,248.0
Intra,Notch,NoArt,Burst,RF,Intra|Notch|NoArt|Burst|RF,15,0.586352343308865,0.9970075497597805,0.5498591604699343,0.9938329586210406,0.5670440429136081,0.9936693353509529,224.0
Intra,Notch,NoArt,Burst,RF,Intra|Notch|NoArt|Burst|RF,17,0.6203320969736064,0.8062469876971209,0.5572103194157216,0.7766923790997522,0.518397975888542,0.7655211548214156,532.0
Intra,Notch,NoArt,Burst,RF,Intra|Notch|NoArt|Burst|RF,18,0.5597435897435897,0.7693445134241716,0.5248132250521552,0.7882375054787725,0.5553589743589743,0.7944481173909539,394.0
Intra,Notch,NoArt,Burst,RF,Intra|Notch|NoArt|Burst|RF,20,0.492970206264324,0.9746112745276054,0.519001082504585,0.9780017118853328,0.555235803412274,0.9778199876177002,328.0
Intra,Notch,NoArt,Burst,RF,Intra|Notch|NoArt|Burst|RF,21,0.4272631578947369,0.9307658227848101,0.3833246272713292,0.9300475165229376,0.4590526315789473,0.930006329113924,198.0
Intra,Notch,NoArt,Burst,RF,Intra|Notch|NoArt|Burst|RF,22,0.5914285714285714,0.8414285714285714,0.588729588128546,0.8438823945334631,0.6114285714285714,0.8442857142857143,140.0
Intra,Notch,NoArt,Burst,RF,Intra|Notch|NoArt|Burst|RF,23,0.5865300352193805,0.9873167701863353,0.5576229663325625,0.9898833787019248,0.5484046278924327,0.9898478366680494,396.0
Intra,Notch,NoArt,Burst,RF,Intra|Notch|NoArt|Burst|RF,24,0.4891331923890063,0.7172626403561224,0.4881255804945335,0.7402122888370524,0.5263319238900633,0.7490698292472262,434.0
Intra,Notch,NoArt,Burst,RF,Intra|Notch|NoArt|Burst|RF,25,0.48352688172043007,0.8125867768595041,0.45526790690635865,0.8306984698823909,0.513225806451613,0.8346322314049587,302.0
Intra,Notch,NoArt,Burst,RF,Intra|Notch|NoArt|Burst|RF,26,0.5334761904761904,0.9948175568482285,0.5784907488814088,0.9947964480444382,0.6177976190476191,0.9947643663586729,152.0
Intra,Notch,NoArt,Burst,RF,Intra|Notch|NoArt|Burst|RF,27,0.5333538461538462,0.9030801446792308,0.513386540769387,0.9132576566834267,0.5330153846153847,0.9144298496097466,256.0
Intra,Notch,NoArt,Burst,RF,Intra|Notch|NoArt|Burst|RF,28,0.5772380067072644,0.8941552197117064,0.47101458179402966,0.8913612011369922,0.5603795864767049,0.8871558559806786,382.0
Intra,Notch,NoArt,Burst,RF,Intra|Notch|NoArt|Burst|RF,30,0.44229249011857713,0.8484993757802746,0.4150269868328561,0.8311795997941251,0.5125296442687747,0.8278052434456928,224.0
Intra,Notch,NoArt,Burst,RF,Intra|Notch|NoArt|Burst|RF,31,0.44679802955665027,0.9234508009153318,0.4624299426568836,0.9240786274195336,0.5074137931034483,0.9241311975591152,286.0
Intra,Notch,Art,Burst,EI,Intra|Notch|Art|Burst|EI,4,0.45691774891774894,0.5274603084769193,0.4027421566725506,0.5435108028179813,0.4986935286935287,0.5306804055859716,119.6
Intra,Notch,Art,Burst,EI,Intra|Notch|Art|Burst|EI,5,0.666,0.7002837364472174,0.4646448845272374,0.561195265850265,0.508,0.5576326752061858,40.8
Intra,Notch,Art,Burst,EI,Intra|Notch|Art|Burst|EI,6,0.457015887449324,0.5100718305022929,0.4340519717785044,0.5099758501080851,0.49169671015259253,0.5189897310442404,159.2
Intra,Notch,Art,Burst,EI,Intra|Notch|Art|Burst|EI,7,0.8239360639360639,0.8212105719568298,0.5944415053901659,0.6844951090596351,0.514085359085359,0.6048548120423086,80.0
Intra,Notch,Art,Burst,EI,Intra|Notch|Art|Burst|EI,8,0.5068237302743024,0.5155197959682052,0.46616137862755513,0.5095817854363347,0.49393341159222165,0.5149716380474068,216.4
Intra,Notch,Art,Burst,EI,Intra|Notch|Art|Burst|EI,9,0.5018892864960977,0.4969649518981889,0.43713362309550313,0.4727881104817043,0.5170722930320454,0.5379616692889508,182.4
Intra,Notch,Art,Burst,EI,Intra|Notch|Art|Burst|EI,10,0.5580683760683762,0.5225859286950291,0.5066147962211803,0.526127163773903,0.5177428127428129,0.5313344149171988,110.4
Intra,Notch,Art,Burst,EI,Intra|Notch|Art|Burst|EI,11,0.4790416047889732,0.4185889632577228,0.4539181757541321,0.48457252029233633,0.5410156239472028,0.5403354963209277,242.0
Intra,Notch,Art,Burst,EI,Intra|Notch|Art|Burst|EI,12,0.595,0.5047988406479866,0.4432481744545818,0.4982850362394271,0.5084920634920634,0.5131610109758658,59.2
Intra,Notch,Art,Burst,EI,Intra|Notch|Art|Burst|EI,13,0.3295421245421245,0.30585384894022416,0.3191819330727584,0.2968663029701095,0.5312527472527473,0.5338860848013613,149.2
Intra,Notch,Art,Burst,EI,Intra|Notch|Art|Burst|EI,14,0.500546169344931,0.49502115368690935,0.43752656418473873,0.5026127044282168,0.48438763575605687,0.5201093825241474,194.4
Intra,Notch,Art,Burst,EI,Intra|Notch|Art|Burst|EI,15,0.37311021142600087,0.40940936888716006,0.3314095050700644,0.43399665414029975,0.49460278902384164,0.5007750083921593,169.2
Intra,Notch,Art,Burst,EI,Intra|Notch|Art|Burst|EI,17,0.5806220718118422,0.5936296451623043,0.4866920467704425,0.5377871505638743,0.4900733594464636,0.5138046988965682,420.8
Intra,Notch,Art,Burst,EI,Intra|Notch|Art|Burst|EI,18,0.751458725923687,0.7128816445633485,0.571073121008763,0.5687414164093896,0.49361299004110465,0.51148591281028,308.8
Intra,Notch,Art,Burst,EI,Intra|Notch|Art|Burst|EI,20,0.38930451501965746,0.3965215882923912,0.37849814891551026,0.4036394511106184,0.4886481572400612,0.5191487279159476,264.8
Intra,Notch,Art,Burst,EI,Intra|Notch|Art|Burst|EI,21,0.5714770817417876,0.5055167287214223,0.46734214528504675,0.5063157071203976,0.5037598039215686,0.5043524930794326,147.2
Intra,Notch,Art,Burst,EI,Intra|Notch|Art|Burst|EI,22,0.3793550893550893,0.45766504528695756,0.37834258286952127,0.48849634118691776,0.4832222222222223,0.5262529261680372,102.8
Intra,Notch,Art,Burst,EI,Intra|Notch|Art|Burst|EI,23,0.4106332473607224,0.3776987000216999,0.35411894808316235,0.34042189888571334,0.47766711822060903,0.5022476070777765,304.8
Intra,Notch,Art,Burst,EI,Intra|Notch|Art|Burst|EI,24,0.495492939576531,0.5075768435674235,0.41839819620744867,0.4550374250611444,0.4896535870065281,0.5045948633155153,328.4
Intra,Notch,Art,Burst,EI,Intra|Notch|Art|Burst|EI,25,0.6477292378119964,0.7243001481044239,0.52501138004028,0.5934553988257146,0.5163940121181501,0.5170328039434734,231.2
Intra,Notch,Art,Burst,EI,Intra|Notch|Art|Burst|EI,26,0.21960106560106557,0.3127997751788786,0.24863266286775723,0.33217455705478105,0.5008169330669331,0.5391831433720451,128.8
Intra,Notch,Art,Burst,EI,Intra|Notch|Art|Burst|EI,27,0.3817673548165539,0.3684335277816754,0.3855393904571113,0.3979142547937818,0.5315282763892604,0.5138940731350046,197.6
Intra,Notch,Art,Burst,EI,Intra|Notch|Art|Burst|EI,28,0.5184052075375605,0.4572091309393699,0.42379154168483757,0.4474071817502831,0.5097300526271115,0.5039353019894754,311.6
Intra,Notch,Art,Burst,EI,Intra|Notch|Art|Burst|EI,30,0.2793464052287582,0.279548764029205,0.24106470813593844,0.2626072197434756,0.5115686274509803,0.5106681084360708,180.4
Intra,Notch,Art,Burst,EI,Intra|Notch|Art|Burst|EI,31,0.3280107440995313,0.39343532097189093,0.28265493739506875,0.41819091840225414,0.5020709612279407,0.49777833970213337,220.8
Intra,Notch,Art,Burst,RF,Intra|Notch|Art|Burst|RF,4,0.7260830280830282,1.0,0.5867955897159767,0.9996521739130435,0.5396351426351427,0.9996226415094339,119.6
Intra,Notch,Art,Burst,RF,Intra|Notch|Art|Burst|RF,5,0.4713333333333334,0.9757405992700111,0.3943225402048932,0.9864308207632148,0.5156666666666666,0.9866587563172929,40.8
Intra,Notch,Art,Burst,RF,Intra|Notch|Art|Burst|RF,6,0.5344077781523602,0.9618885413111666,0.5137283104892134,0.9624671513981242,0.5146406550106241,0.9625360669529585,159.2
Intra,Notch,Art,Burst,RF,Intra|Notch|Art|Burst|RF,7,0.9447441447441447,0.9986315789473684,0.8921244415211115,0.9993098832453334,0.8846242646242647,0.9991157791890573,80.0
Intra,Notch,Art,Burst,RF,Intra|Notch|Art|Burst|RF,8,0.37248675938859005,0.9179675431206025,0.4018720885984236,0.9289589727759051,0.5022821360053625,0.9317173558318453,216.4
Intra,Notch,Art,Burst,RF,Intra|Notch|Art|Burst|RF,9,0.5404372875146869,0.936950150430875,0.5430874261523144,0.955980810565921,0.5670109453669825,0.9582238668458111,182.4
Intra,Notch,Art,Burst,RF,Intra|Notch|Art|Burst|RF,10,0.4857140637140637,0.8568649930122019,0.4833053674745015,0.8721227826675619,0.5394926184926186,0.8758787308424896,110.4
Intra,Notch,Art,Burst,RF,Intra|Notch|Art|Burst|RF,11,0.6157111291285204,0.832884363147856,0.5426965272174299,0.7990967738280934,0.542450249885719,0.7814503148008715,242.0
Intra,Notch,Art,Burst,RF,Intra|Notch|Art|Burst|RF,12,0.9122222222222222,0.9262290031597432,0.9262846956964605,0.9521798940649392,0.9322222222222221,0.9464312168235688,59.2
Intra,Notch,Art,Burst,RF,Intra|Notch|Art|Burst|RF,13,0.40827213962508085,0.8534874643355511,0.42219445519936405,0.8766332402612566,0.4761379013143719,0.8831479507797522,149.2
Intra,Notch,Art,Burst,RF,Intra|Notch|Art|Burst|RF,14,0.4707827411666421,0.9734526074212104,0.43547590557825694,0.9772707143432685,0.5070144478844169,0.9769767421478386,194.4
Intra,Notch,Art,Burst,RF,Intra|Notch|Art|Burst|RF,15,0.6289329734592892,0.9994444444444444,0.5578909855634242,0.9949142834623362,0.5588668466036888,0.9945123358906857,169.2
Intra,Notch,Art,Burst,RF,Intra|Notch|Art|Burst|RF,17,0.6250295652944301,0.7968912169909552,0.555446187408666,0.7737127658253405,0.5280727560316577,0.7677425826375583,420.8
Intra,Notch,Art,Burst,RF,Intra|Notch|Art|Burst|RF,18,0.519303383213005,0.7519374934521178,0.5028583585138973,0.7842872214286445,0.5409092242110873,0.7929642365014071,308.8
Intra,Notch,Art,Burst,RF,Intra|Notch|Art|Burst|RF,20,0.4376311670782435,0.9850452287686778,0.4694139228436562,0.9906065619166304,0.5265266584046195,0.9910179379384356,264.8
Intra,Notch,Art,Burst,RF,Intra|Notch|Art|Burst|RF,21,0.51796099651982,0.9490935511893056,0.45226918533683025,0.938276454229829,0.5275437144554792,0.9368343817810052,147.2
Intra,Notch,Art,Burst,RF,Intra|Notch|Art|Burst|RF,22,0.5833488733488734,0.9150242164983778,0.5683414480814399,0.8886992755352259,0.6005547785547785,0.8833871596018351,102.8
Intra,Notch,Art,Burst,RF,Intra|Notch|Art|Burst|RF,23,0.5406715887005098,0.9900566733945613,0.5383016240788354,0.9926640328808976,0.5520243563498815,0.9927296139399935,304.8
Intra,Notch,Art,Burst,RF,Intra|Notch|Art|Burst|RF,24,0.5479648653859179,0.8070694604728376,0.5149076105071076,0.7792685284203905,0.5192478124196391,0.7665022417191535,328.4
Intra,Notch,Art,Burst,RF,Intra|Notch|Art|Burst|RF,25,0.5110769302217578,0.8889402137356678,0.46573188062879095,0.8761482355929985,0.5095388047457013,0.8720081306566764,231.2
Intra,Notch,Art,Burst,RF,Intra|Notch|Art|Burst|RF,26,0.39868747918747915,0.9959285509521536,0.45594351161407387,0.9979433073737948,0.5628674658674658,0.9981084036357931,128.8
Intra,Notch,Art,Burst,RF,Intra|Notch|Art|Burst|RF,27,0.518804116681691,0.9268183367181753,0.5037603217527936,0.9322504237866263,0.5340891243259664,0.933377660402803,197.6
Intra,Notch,Art,Burst,RF,Intra|Notch|Art|Burst|RF,28,0.5665219455328564,0.8906025536451475,0.4432097963954294,0.8971489124023695,0.5513688371242925,0.898798374172207,311.6
Intra,Notch,Art,Burst,RF,Intra|Notch|Art|Burst|RF,30,0.44172976559044674,0.8750806145905654,0.4039280165264592,0.8572604023330959,0.4944413730404443,0.8521384586065519,180.4
Intra,Notch,Art,Burst,RF,Intra|Notch|Art|Burst|RF,31,0.4234542598873734,0.9282237029666807,0.42926309120681666,0.9218411074972577,0.46855959818886184,0.9196809096099056,220.8
Inter,NoNotch,NoArt,NoBurst,EI,Inter|NoNotch|NoArt|NoBurst|EI,4,0.2235294117647059,0.14035087719298245,0.3140495867768595,0.21895994028365265,0.5117647058823529,0.4993620414673046,170.0
Inter,NoNotch,NoArt,NoBurst,EI,Inter|NoNotch|NoArt|NoBurst|EI,5,0.03333333333333333,0.14357366771159874,0.06060606060606061,0.22303384465546627,0.48333333333333334,0.4998432601880878,60.0
Inter,NoNotch,NoArt,NoBurst,EI,Inter|NoNotch|NoArt|NoBurst|EI,6,0.09345794392523364,0.14423385801477676,0.16129032258064516,0.22360557768924302,0.514018691588785,0.4991969161580469,214.0
Inter,NoNotch,NoArt,NoBurst,EI,Inter|NoNotch|NoArt|NoBurst|EI,7,0.034482758620689655,0.14171720395786785,0.06451612903225806,0.2205115470573628,0.5,0.499042451324609,174.0
Inter,NoNotch,NoArt,NoBurst,EI,Inter|NoNotch|NoArt|NoBurst|EI,8,0.32857142857142857,0.13474025974025974,0.39148936170212767,0.21211346792742142,0.48928571428571427,0.499512987012987,280.0
Inter,NoNotch,NoArt,NoBurst,EI,Inter|NoNotch|NoArt|NoBurst|EI,9,0.06086956521739131,0.1397745571658615,0.1076923076923077,0.21847470425371257,0.4956521739130435,0.5,230.0
Inter,NoNotch,NoArt,NoBurst,EI,Inter|NoNotch|NoArt|NoBurst|EI,10,0.0,0.14580686149936467,0.0,0.22566371681415928,0.5,0.4996823379923761,144.0
Inter,NoNotch,NoArt,NoBurst,EI,Inter|NoNotch|NoArt|NoBurst|EI,11,0.05063291139240506,0.15120836054866102,0.09411764705882353,0.23138430784607697,0.5126582278481012,0.4977139124755062,316.0
Inter,NoNotch,NoArt,NoBurst,EI,Inter|NoNotch|NoArt|NoBurst|EI,12,0.0196078431372549,0.14452508677816345,0.037037037037037035,0.22418012726382772,0.49019607843137253,0.49984222152098456,102.0
Inter,NoNotch,NoArt,NoBurst,EI,Inter|NoNotch|NoArt|NoBurst|EI,13,0.03225806451612903,0.14966421490246243,0.0594059405940594,0.22991893883566691,0.489247311827957,0.49872081867604734,186.0
Inter,NoNotch,NoArt,NoBurst,EI,Inter|NoNotch|NoArt|NoBurst|EI,14,0.0,0.14631782945736435,0.0,0.22621722846441947,0.5,0.499515503875969,248.0
Inter,NoNotch,NoArt,NoBurst,EI,Inter|NoNotch|NoArt|NoBurst|EI,15,0.008547008547008548,0.14308733483725428,0.01680672268907563,0.22216662496872655,0.5,0.49903319368353205,234.0
Inter,NoNotch,NoArt,NoBurst,EI,Inter|NoNotch|NoArt|NoBurst|EI,17,0.04044117647058824,0.14789687924016282,0.0738255033557047,0.228152799581371,0.49264705882352944,0.4996607869742198,544.0
Inter,NoNotch,NoArt,NoBurst,EI,Inter|NoNotch|NoArt|NoBurst|EI,18,0.04568527918781726,0.14058881905391996,0.08653846153846154,0.21901571759855706,0.5177664974619289,0.4986768111147866,394.0
Inter,NoNotch,NoArt,NoBurst,EI,Inter|NoNotch|NoArt|NoBurst|EI,20,0.33727810650887574,0.1927236971484759,0.375,0.27966706302021405,0.4378698224852071,0.5036053752867912,338.0
Inter,NoNotch,NoArt,NoBurst,EI,Inter|NoNotch|NoArt|NoBurst|EI,21,0.0,0.14610701698173661,0.0,0.22591032945256379,0.5,0.4993591797500801,198.0
Inter,NoNotch,NoArt,NoBurst,EI,Inter|NoNotch|NoArt|NoBurst|EI,22,0.12857142857142856,0.14285714285714285,0.20224719101123595,0.22216736608244878,0.4928571428571429,0.49984126984126986,140.0
Inter,NoNotch,NoArt,NoBurst,EI,Inter|NoNotch|NoArt|NoBurst|EI,23,0.004975124378109453,0.14143756210665784,0.00975609756097561,0.22038709677419355,0.49502487562189057,0.4996687644915535,402.0
Inter,NoNotch,NoArt,NoBurst,EI,Inter|NoNotch|NoArt|NoBurst|EI,24,0.31336405529953915,0.13886113886113885,0.39420289855072466,0.2161741835147745,0.5184331797235023,0.4965034965034965,434.0
Inter,NoNotch,NoArt,NoBurst,EI,Inter|NoNotch|NoArt|NoBurst|EI,25,0.1390728476821192,0.14271749755620725,0.2153846153846154,0.22188449848024316,0.49337748344370863,0.4995112414467253,302.0
Inter,NoNotch,NoArt,NoBurst,EI,Inter|NoNotch|NoArt|NoBurst|EI,26,0.16883116883116883,0.1466751511294941,0.2549019607843137,0.22614667647780232,0.5064935064935064,0.4980909958638244,154.0
Inter,NoNotch,NoArt,NoBurst,EI,Inter|NoNotch|NoArt|NoBurst|EI,27,0.0,0.14197930142302717,0.0,0.2212701612903226,0.49609375,0.5003234152652005,256.0
Inter,NoNotch,NoArt,NoBurst,EI,Inter|NoNotch|NoArt|NoBurst|EI,28,0.15121951219512195,0.14228855721393036,0.23308270676691728,0.22107704199948466,0.5024390243902439,0.4986733001658375,410.0
Inter,NoNotch,NoArt,NoBurst,EI,Inter|NoNotch|NoArt|NoBurst|EI,30,0.10714285714285714,0.1451093951093951,0.18181818181818182,0.2242665340626554,0.5178571428571429,0.4980694980694981,224.0
Inter,NoNotch,NoArt,NoBurst,EI,Inter|NoNotch|NoArt|NoBurst|EI,31,0.965034965034965,0.15079623009424764,0.6618705035971223,0.23165252121817273,0.506993006993007,0.49983750406239846,286.0
Inter,NoNotch,NoArt,NoBurst,RF,Inter|NoNotch|NoArt|NoBurst|RF,4,0.9764705882352941,0.9789473684210527,0.6974789915966386,0.7698482378025837,0.5764705882352941,0.7073365231259968,170.0
Inter,NoNotch,NoArt,NoBurst,RF,Inter|NoNotch|NoArt|NoBurst|RF,5,0.9666666666666667,0.9526645768025078,0.725,0.7492603550295858,0.6333333333333333,0.6811912225705329,60.0
Inter,NoNotch,NoArt,NoBurst,RF,Inter|NoNotch|NoArt|NoBurst|RF,6,0.9626168224299065,0.9521362030195952,0.7054794520547946,0.7523797436222871,0.5981308411214953,0.6866366848699004,214.0
Inter,NoNotch,NoArt,NoBurst,RF,Inter|NoNotch|NoArt|NoBurst|RF,7,0.9770114942528736,0.979253112033195,0.6995884773662552,0.7666166916541729,0.5804597701149425,0.7018831790616022,174.0
Inter,NoNotch,NoArt,NoBurst,RF,Inter|NoNotch|NoArt|NoBurst|RF,8,0.9785714285714285,0.9733766233766233,0.7191601049868767,0.7679303278688525,0.6178571428571429,0.7058441558441558,280.0
Inter,NoNotch,NoArt,NoBurst,RF,Inter|NoNotch|NoArt|NoBurst|RF,9,0.8956521739130435,0.9790660225442834,0.7152777777777778,0.7663221578018654,0.6434782608695652,0.7014492753623188,230.0
Inter,NoNotch,NoArt,NoBurst,RF,Inter|NoNotch|NoArt|NoBurst|RF,10,0.9444444444444444,0.9164548919949174,0.6903553299492385,0.7372859698441094,0.5763888888888888,0.6734434561626429,144.0
Inter,NoNotch,NoArt,NoBurst,RF,Inter|NoNotch|NoArt|NoBurst|RF,11,0.9430379746835443,0.9128020901371653,0.8254847645429363,0.730718954248366,0.8006329113924051,0.6636185499673416,316.0
Inter,NoNotch,NoArt,NoBurst,RF,Inter|NoNotch|NoArt|NoBurst|RF,12,0.8431372549019608,0.9154307352477122,0.671875,0.7357342125285316,0.5882352941176471,0.6711896497317766,102.0
Inter,NoNotch,NoArt,NoBurst,RF,Inter|NoNotch|NoArt|NoBurst|RF,13,0.8924731182795699,0.9206907579149345,0.7377777777777778,0.7366939611054247,0.6827956989247311,0.6709306044131755,186.0
Inter,NoNotch,NoArt,NoBurst,RF,Inter|NoNotch|NoArt|NoBurst|RF,14,0.9354838709677419,0.9786821705426356,0.6946107784431138,0.7671857197113559,0.5887096774193549,0.7030038759689923,248.0
Inter,NoNotch,NoArt,NoBurst,RF,Inter|NoNotch|NoArt|NoBurst|RF,15,0.9572649572649573,0.9796970673541734,0.764505119453925,0.7675798510289105,0.7051282051282052,0.7033515952304221,234.0
Inter,NoNotch,NoArt,NoBurst,RF,Inter|NoNotch|NoArt|NoBurst|RF,17,0.9375,0.9216417910447762,0.7522123893805309,0.7373134328358208,0.6911764705882353,0.6716417910447762,544.0
Inter,NoNotch,NoArt,NoBurst,RF,Inter|NoNotch|NoArt|NoBurst|RF,18,0.8781725888324873,0.9163083030102547,0.7134020618556701,0.7355284121083377,0.6472081218274112,0.6705259675818723,394.0
Inter,NoNotch,NoArt,NoBurst,RF,Inter|NoNotch|NoArt|NoBurst|RF,20,0.9585798816568047,0.9780399868895444,0.726457399103139,0.7695680206318504,0.6390532544378699,0.7071451982956408,338.0
Inter,NoNotch,NoArt,NoBurst,RF,Inter|NoNotch|NoArt|NoBurst|RF,21,0.9494949494949495,0.9532201217558475,0.6550522648083623,0.7532599063172554,0.5,0.68776033322653,198.0
Inter,NoNotch,NoArt,NoBurst,RF,Inter|NoNotch|NoArt|NoBurst|RF,22,0.9,0.9152380952380952,0.75,0.7343352012226184,0.7,0.6688888888888889,140.0
Inter,NoNotch,NoArt,NoBurst,RF,Inter|NoNotch|NoArt|NoBurst|RF,23,0.9651741293532339,0.9807883405101027,0.8049792531120332,0.7677946324387398,0.7661691542288557,0.7033786021861543,402.0
Inter,NoNotch,NoArt,NoBurst,RF,Inter|NoNotch|NoArt|NoBurst|RF,24,0.8571428571428571,0.9147519147519148,0.788135593220339,0.7304879670256614,0.7695852534562212,0.6625041625041626,434.0
Inter,NoNotch,NoArt,NoBurst,RF,Inter|NoNotch|NoArt|NoBurst|RF,25,0.9735099337748344,0.9130009775171065,0.7903225806451613,0.731974921630094,0.7417218543046358,0.6656891495601173,302.0
Inter,NoNotch,NoArt,NoBurst,RF,Inter|NoNotch|NoArt|NoBurst|RF,26,0.961038961038961,0.9758192809417754,0.8,0.7671335667833917,0.7597402597402597,0.7037861915367484,154.0
Inter,NoNotch,NoArt,NoBurst,RF,Inter|NoNotch|NoArt|NoBurst|RF,27,0.9609375,0.9521345407503234,0.75,0.7487283825025433,0.6796875,0.6804657179818887,256.0
Inter,NoNotch,NoArt,NoBurst,RF,Inter|NoNotch|NoArt|NoBurst|RF,28,0.9365853658536586,0.9747927031509122,0.6943942133815552,0.7665623369848722,0.5878048780487805,0.703150912106136,410.0
Inter,NoNotch,NoArt,NoBurst,RF,Inter|NoNotch|NoArt|NoBurst|RF,30,0.9107142857142857,0.916023166023166,0.8,0.7333848531684699,0.7723214285714286,0.666988416988417,224.0
Inter,NoNotch,NoArt,NoBurst,RF,Inter|NoNotch|NoArt|NoBurst|RF,31,0.986013986013986,0.9743256418589535,0.7362924281984334,0.7680286921993084,0.6468531468531469,0.7057198570035749,286.0
Inter,Notch,NoArt,NoBurst,EI,Inter|Notch|NoArt|NoBurst|EI,4,0.023529411764705882,0.1824561403508772,0.04395604395604396,0.26697782963827305,0.48823529411764705,0.49904306220095696,170.0
Inter,Notch,NoArt,NoBurst,EI,Inter|Notch|NoArt|NoBurst|EI,5,0.03333333333333333,0.17366771159874608,0.06060606060606061,0.2568382012053778,0.48333333333333334,0.4974921630094044,60.0
Inter,Notch,NoArt,NoBurst,EI,Inter|Notch|NoArt|NoBurst|EI,6,0.09345794392523364,0.18213941535496306,0.15503875968992248,0.26644736842105265,0.49065420560747663,0.49855444908448443,214.0
Inter,Notch,NoArt,NoBurst,EI,Inter|Notch|NoArt|NoBurst|EI,7,0.022988505747126436,0.1005426109160549,0.04395604395604396,0.16764236295902077,0.5,0.5007979572294925,174.0
Inter,Notch,NoArt,NoBurst,EI,Inter|Notch|NoArt|NoBurst|EI,8,0.5357142857142857,0.16493506493506493,0.5154639175257731,0.24714181464363902,0.49642857142857144,0.49756493506493504,280.0
Inter,Notch,NoArt,NoBurst,EI,Inter|Notch|NoArt|NoBurst|EI,9,0.06956521739130435,0.18325281803542673,0.11510791366906475,0.2681432610744581,0.4652173913043478,0.4998389694041868,230.0
Inter,Notch,NoArt,NoBurst,EI,Inter|Notch|NoArt|NoBurst|EI,10,0.2361111111111111,0.1797966963151207,0.3177570093457944,0.26386946386946386,0.4930555555555556,0.49841168996188057,144.0
Inter,Notch,NoArt,NoBurst,EI,Inter|Notch|NoArt|NoBurst|EI,11,0.02531645569620253,0.18354016982364468,0.04819277108433735,0.26761904761904765,0.5,0.4977139124755062,316.0
Inter,Notch,NoArt,NoBurst,EI,Inter|Notch|NoArt|NoBurst|EI,12,0.0392156862745098,0.18144525086778163,0.07142857142857142,0.2655275917801893,0.49019607843137253,0.49810665825181444,102.0
Inter,Notch,NoArt,NoBurst,EI,Inter|Notch|NoArt|NoBurst|EI,13,0.043010752688172046,0.18580108730412537,0.08,0.2699814126394052,0.5053763440860215,0.49760153501758875,186.0
Inter,Notch,NoArt,NoBurst,EI,Inter|Notch|NoArt|NoBurst|EI,14,0.0,0.18410852713178294,0.0,0.26855123674911663,0.4959677419354839,0.498546511627907,248.0
Inter,Notch,NoArt,NoBurst,EI,Inter|Notch|NoArt|NoBurst|EI,15,0.05128205128205128,0.18175958749597165,0.09523809523809523,0.26578699340245054,0.5128205128205128,0.49790525298098615,234.0
Inter,Notch,NoArt,NoBurst,EI,Inter|Notch|NoArt|NoBurst|EI,17,0.025735294117647058,0.18860244233378562,0.04827586206896552,0.2732186732186732,0.49264705882352944,0.49830393487109903,544.0
Inter,Notch,NoArt,NoBurst,EI,Inter|Notch|NoArt|NoBurst|EI,18,0.04568527918781726,0.1763149189546808,0.08571428571428572,0.2591782154145393,0.5126903553299492,0.4960304333443599,394.0
Inter,Notch,NoArt,NoBurst,EI,Inter|Notch|NoArt|NoBurst|EI,20,0.3905325443786982,0.18289085545722714,0.41379310344827586,0.26788286125780125,0.4467455621301775,0.5001638806948542,338.0
Inter,Notch,NoArt,NoBurst,EI,Inter|Notch|NoArt|NoBurst|EI,21,0.24242424242424243,0.1775072092278116,0.3380281690140845,0.2608286252354049,0.5252525252525253,0.49695610381288047,198.0
Inter,Notch,NoArt,NoBurst,EI,Inter|Notch|NoArt|NoBurst|EI,22,0.17142857142857143,0.17396825396825397,0.24742268041237114,0.25733740314627845,0.4785714285714286,0.49793650793650795,140.0
Inter,Notch,NoArt,NoBurst,EI,Inter|Notch|NoArt|NoBurst|EI,23,0.009950248756218905,0.17754223252732693,0.019417475728155338,0.26120857699805067,0.4975124378109453,0.4978469691950977,402.0
Inter,Notch,NoArt,NoBurst,EI,Inter|Notch|NoArt|NoBurst|EI,24,0.3686635944700461,0.1714951714951715,0.43360433604336046,0.2537570830253757,0.5184331797235023,0.49567099567099565,434.0
Inter,Notch,NoArt,NoBurst,EI,Inter|Notch|NoArt|NoBurst|EI,25,0.2251655629139073,0.17953730856956662,0.31336405529953915,0.2630699450942946,0.5066225165562914,0.4970674486803519,302.0
Inter,Notch,NoArt,NoBurst,EI,Inter|Notch|NoArt|NoBurst|EI,26,0.18181818181818182,0.17403754374801145,0.2692307692307692,0.2572301904537973,0.5064935064935064,0.49745466115176584,154.0
Inter,Notch,NoArt,NoBurst,EI,Inter|Notch|NoArt|NoBurst|EI,27,0.0,0.1555627425614489,0.0,0.23647984267453295,0.49609375,0.4977360931435964,256.0
Inter,Notch,NoArt,NoBurst,EI,Inter|Notch|NoArt|NoBurst|EI,28,0.22439024390243903,0.17744610281923714,0.31186440677966104,0.26110297706198143,0.5048780487804878,0.4978441127694859,410.0
Inter,Notch,NoArt,NoBurst,EI,Inter|Notch|NoArt|NoBurst|EI,30,0.11607142857142858,0.24034749034749034,0.19402985074626866,0.32316677482154443,0.5178571428571429,0.4966216216216216,224.0
Inter,Notch,NoArt,NoBurst,EI,Inter|Notch|NoArt|NoBurst|EI,31,0.972027972027972,0.20181995450113746,0.6603325415676959,0.2865051903114187,0.5,0.497400064998375,286.0
Inter,Notch,NoArt,NoBurst,RF,Inter|Notch|NoArt|NoBurst|RF,4,0.8941176470588236,0.7923444976076555,0.658008658008658,0.761846342585493,0.5352941176470588,0.7523125996810207,170.0
Inter,Notch,NoArt,NoBurst,RF,Inter|Notch|NoArt|NoBurst|RF,5,0.5,0.6551724137931034,0.5,0.652615144418423,0.5,0.6512539184952978,60.0
Inter,Notch,NoArt,NoBurst,RF,Inter|Notch|NoArt|NoBurst|RF,6,0.35514018691588783,0.7192418888531963,0.3958333333333333,0.6670639058543125,0.45794392523364486,0.6410215226469643,214.0
Inter,Notch,NoArt,NoBurst,RF,Inter|Notch|NoArt|NoBurst|RF,7,0.45977011494252873,0.7673156718799873,0.43956043956043955,0.7560937254285265,0.41379310344827586,0.7524736674114267,174.0
Inter,Notch,NoArt,NoBurst,RF,Inter|Notch|NoArt|NoBurst|RF,8,0.2357142857142857,0.7506493506493507,0.32673267326732675,0.7166769993800371,0.5142857142857142,0.7032467532467532,280.0
Inter,Notch,NoArt,NoBurst,RF,Inter|Notch|NoArt|NoBurst|RF,9,0.43478260869565216,0.7835748792270532,0.5050505050505051,0.7405265560797444,0.5739130434782609,0.7254428341384863,230.0
Inter,Notch,NoArt,NoBurst,RF,Inter|Notch|NoArt|NoBurst|RF,10,0.041666666666666664,0.7722363405336722,0.07407407407407407,0.6569382515876233,0.4791666666666667,0.5967280813214739,144.0
Inter,Notch,NoArt,NoBurst,RF,Inter|Notch|NoArt|NoBurst|RF,11,0.8734177215189873,0.6806009144350098,0.6463700234192038,0.6393618653167664,0.5221518987341772,0.6161005878510777,316.0
Inter,Notch,NoArt,NoBurst,RF,Inter|Notch|NoArt|NoBurst|RF,12,0.7058823529411765,0.7210476491006627,0.6206896551724138,0.6430280005628254,0.5686274509803921,0.5997159987377721,102.0
Inter,Notch,NoArt,NoBurst,RF,Inter|Notch|NoArt|NoBurst|RF,13,0.9139784946236559,0.7182603133994244,0.6343283582089553,0.6433686622744199,0.4731182795698925,0.6018548129197314,186.0
Inter,Notch,NoArt,NoBurst,RF,Inter|Notch|NoArt|NoBurst|RF,14,0.33064516129032256,0.791343669250646,0.41624365482233505,0.7537301953545609,0.5362903225806451,0.7414405684754521,248.0
Inter,Notch,NoArt,NoBurst,RF,Inter|Notch|NoArt|NoBurst|RF,15,0.37606837606837606,0.7669996777312278,0.41509433962264153,0.7509070831361413,0.4700854700854701,0.7455688043828553,234.0
Inter,Notch,NoArt,NoBurst,RF,Inter|Notch|NoArt|NoBurst|RF,17,0.9117647058823529,0.7062415196743554,0.6483660130718955,0.6398279041180086,0.5055147058823529,0.6024423337856174,544.0
Inter,Notch,NoArt,NoBurst,RF,Inter|Notch|NoArt|NoBurst|RF,18,0.7766497461928934,0.7267614952034402,0.5941747572815534,0.6447542186353632,0.46954314720812185,0.5995699636123056,394.0
Inter,Notch,NoArt,NoBurst,RF,Inter|Notch|NoArt|NoBurst|RF,20,0.28994082840236685,0.8072763028515241,0.3684210526315789,0.7600678907575992,0.5029585798816568,0.7451655195018027,338.0
Inter,Notch,NoArt,NoBurst,RF,Inter|Notch|NoArt|NoBurst|RF,21,0.6060606060606061,0.7016981736622877,0.5405405405405406,0.6564748201438849,0.48484848484848486,0.6328099967958988,198.0
Inter,Notch,NoArt,NoBurst,RF,Inter|Notch|NoArt|NoBurst|RF,22,0.6428571428571429,0.7749206349206349,0.5806451612903226,0.6636759108210984,0.5357142857142857,0.6073015873015873,140.0
Inter,Notch,NoArt,NoBurst,RF,Inter|Notch|NoArt|NoBurst|RF,23,0.9402985074626866,0.7565419012918185,0.6494845360824743,0.7508218277449047,0.4925373134328358,0.7489234845975489,402.0
Inter,Notch,NoArt,NoBurst,RF,Inter|Notch|NoArt|NoBurst|RF,24,0.9769585253456221,0.7535797535797536,0.6594090202177294,0.6538572666859289,0.49539170506912444,0.601065601065601,434.0
Inter,Notch,NoArt,NoBurst,RF,Inter|Notch|NoArt|NoBurst|RF,25,0.7549668874172185,0.7269468882372108,0.608,0.6525299795261772,0.5132450331125827,0.6129032258064516,302.0
Inter,Notch,NoArt,NoBurst,RF,Inter|Notch|NoArt|NoBurst|RF,26,0.2857142857142857,0.77728285077951,0.32116788321167883,0.7386243386243386,0.3961038961038961,0.7249443207126949,154.0
Inter,Notch,NoArt,NoBurst,RF,Inter|Notch|NoArt|NoBurst|RF,27,0.953125,0.7474126778783958,0.6559139784946236,0.6716070909619297,0.5,0.6345407503234153,256.0
Inter,Notch,NoArt,NoBurst,RF,Inter|Notch|NoArt|NoBurst|RF,28,0.8634146341463415,0.7684908789386401,0.6243386243386243,0.7128134133210275,0.48048780487804876,0.6903814262023217,410.0
Inter,Notch,NoArt,NoBurst,RF,Inter|Notch|NoArt|NoBurst|RF,30,0.9196428571428571,0.7612612612612613,0.6560509554140127,0.6573135157660787,0.5178571428571429,0.6031209781209781,224.0
Inter,Notch,NoArt,NoBurst,RF,Inter|Notch|NoArt|NoBurst|RF,31,0.5804195804195804,0.7598310042248944,0.5236593059936908,0.7245119305856833,0.47202797202797203,0.7110822229444264,286.0
Inter,Notch,Art,NoBurst,EI,Inter|Notch|Art|NoBurst|EI,4,0.0,0.13973458235753317,0.0,0.21929555895865238,0.5,0.49704025256511447,130.0
Inter,Notch,Art,NoBurst,EI,Inter|Notch|Art|NoBurst|EI,5,0.0,0.1411629686304514,0.0,0.22095808383233534,0.47619047619047616,0.4959318093762108,42.0
Inter,Notch,Art,NoBurst,EI,Inter|Notch|Art|NoBurst|EI,6,0.03488372093023256,0.13887799136916437,0.06741573033707865,0.21838371375694016,0.5174418604651163,0.49662296384584825,172.0
Inter,Notch,Art,NoBurst,EI,Inter|Notch|Art|NoBurst|EI,7,0.0,0.11466458658346333,0.0,0.18714194780394652,0.4878048780487805,0.4986258343148803,82.0
Inter,Notch,Art,NoBurst,EI,Inter|Notch|Art|NoBurst|EI,8,0.3448275862068966,0.129813418023025,0.41025641025641024,0.20683111954459202,0.5043103448275862,0.4952706782048702,232.0
Inter,Notch,Art,NoBurst,EI,Inter|Notch|Art|NoBurst|EI,9,0.05555555555555555,0.14263261296660118,0.0970873786407767,0.22290451335584893,0.48333333333333334,0.495414673046252,180.0
Inter,Notch,Art,NoBurst,EI,Inter|Notch|Art|NoBurst|EI,10,0.01694915254237288,0.1425796425796426,0.031746031746031744,0.22276176024279212,0.4830508474576271,0.4964608729846638,118.0
Inter,Notch,Art,NoBurst,EI,Inter|Notch|Art|NoBurst|EI,11,0.008064516129032258,0.1424581005586592,0.016,0.22256857855361595,0.5040322580645161,0.49646678780537046,248.0
Inter,Notch,Art,NoBurst,EI,Inter|Notch|Art|NoBurst|EI,12,0.03333333333333333,0.1435739096873794,0.06060606060606061,0.22382671480144403,0.48333333333333334,0.49727201870615745,60.0
Inter,Notch,Art,NoBurst,EI,Inter|Notch|Art|NoBurst|EI,13,0.05194805194805195,0.14637964774951076,0.0963855421686747,0.22687291477100394,0.512987012987013,0.4951475539710834,154.0
Inter,Notch,Art,NoBurst,EI,Inter|Notch|Art|NoBurst|EI,14,0.0,0.1710891089108911,0.0,0.2553191489361702,0.5,0.4956974184510706,198.0
Inter,Notch,Art,NoBurst,EI,Inter|Notch|Art|NoBurst|EI,15,0.034482758620689655,0.14291338582677166,0.06666666666666667,0.22304147465437787,0.5172413793103449,0.4966162420382166,174.0
Inter,Notch,Art,NoBurst,EI,Inter|Notch|Art|NoBurst|EI,17,0.009216589861751152,0.14598842018196856,0.017699115044247787,0.22752175314212053,0.48847926267281105,0.49737890543090796,434.0
Inter,Notch,Art,NoBurst,EI,Inter|Notch|Art|NoBurst|EI,18,0.012738853503184714,0.14487489911218726,0.025,0.22550251256281406,0.5031847133757962,0.49580862809241466,314.0
Inter,Notch,Art,NoBurst,EI,Inter|Notch|Art|NoBurst|EI,20,0.37593984962406013,0.1530775379696243,0.4132231404958678,0.23612823674475955,0.46616541353383456,0.4967506092607636,266.0
Inter,Notch,Art,NoBurst,EI,Inter|Notch|Art|NoBurst|EI,21,0.07792207792207792,0.14207436399217221,0.1276595744680851,0.2223583460949464,0.4675324675324675,0.4971281441869677,154.0
Inter,Notch,Art,NoBurst,EI,Inter|Notch|Art|NoBurst|EI,22,0.16666666666666666,0.13159937888198758,0.26865671641791045,0.20913016656384947,0.5462962962962963,0.4965639112507363,108.0
Inter,Notch,Art,NoBurst,EI,Inter|Notch|Art|NoBurst|EI,23,0.006211180124223602,0.1443590780428629,0.012345679012345678,0.2251655629139073,0.5031055900621118,0.49682572189227936,322.0
Inter,Notch,Art,NoBurst,EI,Inter|Notch|Art|NoBurst|EI,24,0.3614457831325301,0.12983312983312983,0.44280442804428044,0.20567375886524822,0.5451807228915663,0.49321266968325794,332.0
Inter,Notch,Art,NoBurst,EI,Inter|Notch|Art|NoBurst|EI,25,0.14285714285714285,0.14308489438023117,0.2125,0.22339763534536403,0.47058823529411764,0.4968756299133239,238.0
Inter,Notch,Art,NoBurst,EI,Inter|Notch|Art|NoBurst|EI,26,0.1791044776119403,0.18419003115264798,0.27586206896551724,0.26897924367358544,0.5298507462686567,0.4926992896606156,134.0
Inter,Notch,Art,NoBurst,EI,Inter|Notch|Art|NoBurst|EI,27,0.0,0.14703557312252966,0.0,0.22794117647058823,0.5,0.4955964771817454,210.0
Inter,Notch,Art,NoBurst,EI,Inter|Notch|Art|NoBurst|EI,28,0.19078947368421054,0.14256947241240436,0.28019323671497587,0.2221524945089426,0.5098684210526315,0.4921122720753944,304.0
Inter,Notch,Art,NoBurst,EI,Inter|Notch|Art|NoBurst|EI,30,0.13043478260869565,0.20244672454617205,0.21818181818181817,0.2881213142375737,0.532608695652174,0.4943147815679234,184.0
Inter,Notch,Art,NoBurst,EI,Inter|Notch|Art|NoBurst|EI,31,0.8596491228070176,0.07879029048945484,0.6222222222222222,0.13631669535283994,0.4780701754385965,0.49517102615694164,228.0
Inter,Notch,Art,NoBurst,RF,Inter|Notch|Art|NoBurst|RF,4,0.8769230769230769,0.8430913348946136,0.6298342541436464,0.7543216343635412,0.4846153846153846,0.7223756906077348,130.0
Inter,Notch,Art,NoBurst,RF,Inter|Notch|Art|NoBurst|RF,5,1.0,0.8416220351951033,0.6885245901639344,0.6882527764742687,0.5476190476190477,0.6139093374660984,42.0
Inter,Notch,Art,NoBurst,RF,Inter|Notch|Art|NoBurst|RF,6,0.046511627906976744,0.8081600627697136,0.07920792079207921,0.6826843413421707,0.45930232558139533,0.6195868096940803,172.0
Inter,Notch,Art,NoBurst,RF,Inter|Notch|Art|NoBurst|RF,7,0.7073170731707317,0.8619344773790951,0.651685393258427,0.7723222086318364,0.6219512195121951,0.7442088731841382,82.0
Inter,Notch,Art,NoBurst,RF,Inter|Notch|Art|NoBurst|RF,8,0.8879310344827587,0.8408098451766574,0.639751552795031,0.7368237954426857,0.5,0.6955121754880258,232.0
Inter,Notch,Art,NoBurst,RF,Inter|Notch|Art|NoBurst|RF,9,0.6444444444444445,0.8891944990176818,0.5829145728643216,0.7539563551557554,0.5388888888888889,0.705542264752791,180.0
Inter,Notch,Art,NoBurst,RF,Inter|Notch|Art|NoBurst|RF,10,0.5254237288135594,0.8667443667443667,0.5166666666666667,0.6697688381867307,0.5084745762711864,0.5674400314589068,118.0
Inter,Notch,Art,NoBurst,RF,Inter|Notch|Art|NoBurst|RF,11,1.0,0.8535514764565044,0.6702702702702703,0.668646452016255,0.5080645161290323,0.5719765798505956,248.0
Inter,Notch,Art,NoBurst,RF,Inter|Notch|Art|NoBurst|RF,12,0.8333333333333334,0.828251640293323,0.6329113924050633,0.658383187605461,0.5166666666666667,0.5660561184723305,60.0
Inter,Notch,Art,NoBurst,RF,Inter|Notch|Art|NoBurst|RF,13,0.8961038961038961,0.8454011741682974,0.6301369863013698,0.665742024965326,0.474025974025974,0.5704099821746881,154.0
Inter,Notch,Art,NoBurst,RF,Inter|Notch|Art|NoBurst|RF,14,0.1414141414141414,0.8522772277227723,0.2222222222222222,0.7569468870911009,0.5050505050505051,0.7234340604362618,198.0
Inter,Notch,Art,NoBurst,RF,Inter|Notch|Art|NoBurst|RF,15,0.4942528735632184,0.8661417322834646,0.5341614906832298,0.7629616785156927,0.5689655172413793,0.727906050955414,174.0
Inter,Notch,Art,NoBurst,RF,Inter|Notch|Art|NoBurst|RF,17,0.9953917050691244,0.8502894954507858,0.6646153846153846,0.6644045887865568,0.4976958525345622,0.5644789263996645,434.0
Inter,Notch,Art,NoBurst,RF,Inter|Notch|Art|NoBurst|RF,18,0.910828025477707,0.8523002421307506,0.6426966292134831,0.6666666666666666,0.49363057324840764,0.568186464935596,314.0
Inter,Notch,Art,NoBurst,RF,Inter|Notch|Art|NoBurst|RF,20,0.2781954887218045,0.8968824940047961,0.3756345177664975,0.767048367800376,0.5375939849624061,0.7231925264012997,266.0
Inter,Notch,Art,NoBurst,RF,Inter|Notch|Art|NoBurst|RF,21,0.6493506493506493,0.82426614481409,0.591715976331361,0.6835443037974683,0.551948051948052,0.6137849079025549,154.0
Inter,Notch,Art,NoBurst,RF,Inter|Notch|Art|NoBurst|RF,22,0.9444444444444444,0.8621894409937888,0.6415094339622641,0.668271400631864,0.4722222222222222,0.5670528175927744,108.0
Inter,Notch,Art,NoBurst,RF,Inter|Notch|Art|NoBurst|RF,23,0.906832298136646,0.8847553578649414,0.6389496717724289,0.7724624889673434,0.48757763975155277,0.73602293671923,322.0
Inter,Notch,Art,NoBurst,RF,Inter|Notch|Art|NoBurst|RF,24,1.0,0.8221408221408222,0.6693548387096774,0.6633825944170771,0.5060240963855421,0.5783628136569313,332.0
Inter,Notch,Art,NoBurst,RF,Inter|Notch|Art|NoBurst|RF,25,0.957983193277311,0.8437624551614189,0.6627906976744186,0.6683504340962905,0.5126050420168067,0.5764966740576497,238.0
Inter,Notch,Art,NoBurst,RF,Inter|Notch|Art|NoBurst|RF,26,0.5373134328358209,0.8582554517133957,0.496551724137931,0.7519617877857386,0.4552238805970149,0.7131018153117601,134.0
Inter,Notch,Art,NoBurst,RF,Inter|Notch|Art|NoBurst|RF,27,0.9619047619047619,0.8565217391304348,0.6579804560260586,0.6854341293689704,0.5,0.6018815052041633,210.0
Inter,Notch,Art,NoBurst,RF,Inter|Notch|Art|NoBurst|RF,28,0.756578947368421,0.8703181635118807,0.5882352941176471,0.7287135390322037,0.47039473684210525,0.6703544355664823,304.0
Inter,Notch,Art,NoBurst,RF,Inter|Notch|Art|NoBurst|RF,30,0.9891304347826086,0.8437253354380426,0.6666666666666666,0.6651112148079017,0.5054347826086957,0.5705166566925992,184.0
Inter,Notch,Art,NoBurst,RF,Inter|Notch|Art|NoBurst|RF,31,0.7719298245614035,0.8360525268603263,0.6027397260273972,0.7421405863652419,0.49122807017543857,0.7062374245472837,228.0
Inter,Notch,NoArt,Burst,EI,Inter|Notch|NoArt|Burst|EI,4,0.024691358024691357,0.1850079744816587,0.04597701149425287,0.2703962703962704,0.4876543209876543,0.4979146615335258,162.0
Inter,Notch,NoArt,Burst,EI,Inter|Notch|NoArt|Burst|EI,5,0.03333333333333333,0.18401253918495297,0.06060606060606061,0.26908090763236303,0.48333333333333334,0.49700315457413247,60.0
Inter,Notch,NoArt,Burst,EI,Inter|Notch|NoArt|Burst|EI,6,0.09345794392523364,0.1840668165756505,0.15503875968992248,0.2692036645525018,0.49065420560747663,0.49709020368574197,214.0
Inter,Notch,NoArt,Burst,EI,Inter|Notch|NoArt|Burst|EI,7,0.022988505747126436,0.11107564634535588,0.04395604395604396,0.18200836820083682,0.5,0.4975907484741407,174.0
Inter,Notch,NoArt,Burst,EI,Inter|Notch|NoArt|Burst|EI,8,0.5434782608695652,0.1672077922077922,0.5208333333333334,0.25060827250608275,0.5,0.4968964390721986,276.0
Inter,Notch,NoArt,Burst,EI,Inter|Notch|NoArt|Burst|EI,9,0.06956521739130435,0.18357487922705315,0.11510791366906475,0.26905829596412556,0.4652173913043478,0.4980551053484603,230.0
Inter,Notch,NoArt,Burst,EI,Inter|Notch|NoArt|Burst|EI,10,0.2361111111111111,0.18170266836086404,0.30357142857142855,0.26697782963827305,0.4583333333333333,0.4979219948849105,144.0
Inter,Notch,NoArt,Burst,EI,Inter|Notch|NoArt|Burst|EI,11,0.02531645569620253,0.18517308948399738,0.04819277108433735,0.2705152671755725,0.5,0.49737015121630507,316.0
Inter,Notch,NoArt,Burst,EI,Inter|Notch|NoArt|Burst|EI,12,0.0392156862745098,0.1833385926159672,0.07142857142857142,0.26829831447702607,0.49019607843137253,0.49682438869482376,102.0
Inter,Notch,NoArt,Burst,EI,Inter|Notch|NoArt|Burst|EI,13,0.043010752688172046,0.1538215542053086,0.08,0.2350928641251222,0.5053763440860215,0.4962986803990988,186.0
Inter,Notch,NoArt,Burst,EI,Inter|Notch|NoArt|Burst|EI,14,0.0,0.18636950904392766,0.0,0.2721056354633341,0.4959677419354839,0.4982119635890767,248.0
Inter,Notch,NoArt,Burst,EI,Inter|Notch|NoArt|Burst|EI,15,0.05357142857142857,0.1836932001289075,0.09917355371900827,0.2689313517338995,0.5133928571428571,0.49781234807972774,224.0
Inter,Notch,NoArt,Burst,EI,Inter|Notch|NoArt|Burst|EI,17,0.03007518796992481,0.19063772048846675,0.055944055944055944,0.2765748031496063,0.4924812030075188,0.4984646878198567,532.0
Inter,Notch,NoArt,Burst,EI,Inter|Notch|NoArt|Burst|EI,18,0.04568527918781726,0.1812768772742309,0.08571428571428572,0.2656969696969697,0.5126903553299492,0.49567099567099565,394.0
Inter,Notch,NoArt,Burst,EI,Inter|Notch|NoArt|Burst|EI,20,0.4024390243902439,0.19862340216322516,0.4230769230769231,0.2852435867262885,0.45121951219512196,0.49942310862040545,328.0
Inter,Notch,NoArt,Burst,EI,Inter|Notch|NoArt|Burst|EI,21,0.24242424242424243,0.17975008010253124,0.3380281690140845,0.2640621322664156,0.5252525252525253,0.49580780393421475,198.0
Inter,Notch,NoArt,Burst,EI,Inter|Notch|NoArt|Burst|EI,22,0.18571428571428572,0.1819047619047619,0.2653061224489796,0.2668218859138533,0.4857142857142857,0.49696485623003195,140.0
Inter,Notch,NoArt,Burst,EI,Inter|Notch|NoArt|Burst|EI,23,0.010101010101010102,0.180854587611792,0.019704433497536946,0.26556420233463035,0.49747474747474746,0.4967505415764039,396.0
Inter,Notch,NoArt,Burst,EI,Inter|Notch|NoArt|Burst|EI,24,0.39631336405529954,0.18681318681318682,0.45263157894736844,0.2712765957446808,0.5207373271889401,0.49480388870264835,434.0
Inter,Notch,NoArt,Burst,EI,Inter|Notch|NoArt|Burst|EI,25,0.2251655629139073,0.18084066471163246,0.3119266055045872,0.26555023923444976,0.5033112582781457,0.4965562479501476,302.0
Inter,Notch,NoArt,Burst,EI,Inter|Notch|NoArt|Burst|EI,26,0.21052631578947367,0.22048997772828507,0.3047619047619048,0.3058252427184466,0.5197368421052632,0.49639827117016166,152.0
Inter,Notch,NoArt,Burst,EI,Inter|Notch|NoArt|Burst|EI,27,0.0,0.14909443725743854,0.0,0.22981056829511465,0.49609375,0.4970703125,256.0
Inter,Notch,NoArt,Burst,EI,Inter|Notch|NoArt|Burst|EI,28,0.23036649214659685,0.17877280265339968,0.3247232472324723,0.2626065773447016,0.5209424083769634,0.495836109260493,382.0
Inter,Notch,NoArt,Burst,EI,Inter|Notch|NoArt|Burst|EI,30,0.11607142857142858,0.2554697554697555,0.19402985074626866,0.3385205713067576,0.5178571428571429,0.49757124352331605,224.0
Inter,Notch,NoArt,Burst,EI,Inter|Notch|NoArt|Burst|EI,31,0.972027972027972,0.20246993825154372,0.6603325415676959,0.288159111933395,0.5,0.49656526005888124,286.0
Inter,Notch,NoArt,Burst,RF,Inter|Notch|NoArt|Burst|RF,4,0.7777777777777778,0.8580542264752791,0.6237623762376238,0.7568936409679234,0.5308641975308642,0.7228103946102021,162.0
Inter,Notch,NoArt,Burst,RF,Inter|Notch|NoArt|Burst|RF,5,0.9666666666666667,0.8420062695924765,0.725,0.7018552390906715,0.6333333333333333,0.6400630914826498,60.0
Inter,Notch,NoArt,Burst,RF,Inter|Notch|NoArt|Burst|RF,6,0.2897196261682243,0.8149694828140058,0.34065934065934067,0.6834590517241379,0.4392523364485981,0.6201099256385386,214.0
Inter,Notch,NoArt,Burst,RF,Inter|Notch|NoArt|Burst|RF,7,0.4482758620689655,0.8295563357804022,0.46987951807228917,0.7716745843230404,0.4942528735632184,0.7529714102152265,174.0
Inter,Notch,NoArt,Burst,RF,Inter|Notch|NoArt|Burst|RF,8,0.2028985507246377,0.8282467532467532,0.2916666666666667,0.7251279135872655,0.5072463768115942,0.6840901666122182,276.0
Inter,Notch,NoArt,Burst,RF,Inter|Notch|NoArt|Burst|RF,9,0.6434782608695652,0.8325281803542673,0.5849802371541502,0.7517812999854587,0.5434782608695652,0.7233387358184765,230.0
Inter,Notch,NoArt,Burst,RF,Inter|Notch|NoArt|Burst|RF,10,0.18055555555555555,0.900571791613723,0.2653061224489796,0.6838740803280666,0.5,0.581042199488491,144.0
Inter,Notch,NoArt,Burst,RF,Inter|Notch|NoArt|Burst|RF,11,0.9683544303797469,0.8657740039190072,0.6538461538461539,0.6719898605830165,0.4873417721518987,0.5746219592373438,316.0
Inter,Notch,NoArt,Burst,RF,Inter|Notch|NoArt|Burst|RF,12,0.8627450980392157,0.8977595455979804,0.6470588235294118,0.6779459073037055,0.5294117647058824,0.5708161321054303,102.0
Inter,Notch,NoArt,Burst,RF,Inter|Notch|NoArt|Burst|RF,13,0.956989247311828,0.8717620722737448,0.6544117647058824,0.6766786645153283,0.4946236559139785,0.5807853234631477,186.0
Inter,Notch,NoArt,Burst,RF,Inter|Notch|NoArt|Burst|RF,14,0.24193548387096775,0.8462532299741602,0.3314917127071823,0.7612959465349411,0.5120967741935484,0.7329323797139142,248.0
Inter,Notch,NoArt,Burst,RF,Inter|Notch|NoArt|Burst|RF,15,0.5178571428571429,0.838221076377699,0.5110132158590308,0.7720391807658059,0.5044642857142857,0.7510938259601361,224.0
Inter,Notch,NoArt,Burst,RF,Inter|Notch|NoArt|Burst|RF,17,0.9586466165413534,0.826662143826323,0.6572164948453608,0.6669403393541324,0.5,0.5847833503923575,532.0
Inter,Notch,NoArt,Burst,RF,Inter|Notch|NoArt|Burst|RF,18,0.8578680203045685,0.8683427059212703,0.6294227188081937,0.6761107533805538,0.4949238578680203,0.5812520812520813,394.0
Inter,Notch,NoArt,Burst,RF,Inter|Notch|NoArt|Burst|RF,20,0.40853658536585363,0.8616846935431006,0.47183098591549294,0.7612566961054004,0.5426829268292683,0.7282017471567497,328.0
Inter,Notch,NoArt,Burst,RF,Inter|Notch|NoArt|Burst|RF,21,0.7878787878787878,0.8074335148990708,0.6141732283464567,0.6882425235559197,0.5050505050505051,0.6318929377620123,198.0
Inter,Notch,NoArt,Burst,RF,Inter|Notch|NoArt|Burst|RF,22,0.8142857142857143,0.8584126984126984,0.6263736263736264,0.676,0.5142857142857142,0.5859424920127796,140.0
Inter,Notch,NoArt,Burst,RF,Inter|Notch|NoArt|Burst|RF,23,0.9494949494949495,0.8386883073865519,0.6493955094991365,0.7669241253975466,0.48737373737373735,0.7435427428761873,396.0
Inter,Notch,NoArt,Burst,RF,Inter|Notch|NoArt|Burst|RF,24,0.9815668202764977,0.8924408924408924,0.6645865834633385,0.6798579401319127,0.5046082949308756,0.5769359704994972,434.0
Inter,Notch,NoArt,Burst,RF,Inter|Notch|NoArt|Burst|RF,25,0.8079470198675497,0.8911697621375041,0.6272493573264781,0.6791656319841073,0.5198675496688742,0.5762545096753033,302.0
Inter,Notch,NoArt,Burst,RF,Inter|Notch|NoArt|Burst|RF,26,0.5,0.7989182309895004,0.475,0.7361477572559367,0.4473684210526316,0.7118616936129342,152.0
Inter,Notch,NoArt,Burst,RF,Inter|Notch|NoArt|Burst|RF,27,0.953125,0.86254851228978,0.6559139784946236,0.6976196704159038,0.5,0.6236979166666666,256.0
Inter,Notch,NoArt,Burst,RF,Inter|Notch|NoArt|Burst|RF,28,0.8429319371727748,0.7834162520729685,0.615678776290631,0.7089899444694582,0.4738219895287958,0.6770486342438374,382.0
Inter,Notch,NoArt,Burst,RF,Inter|Notch|NoArt|Burst|RF,30,0.9910714285714286,0.8941441441441441,0.6747720364741642,0.681963190184049,0.5223214285714286,0.5803108808290155,224.0
Inter,Notch,NoArt,Burst,RF,Inter|Notch|NoArt|Burst|RF,31,0.951048951048951,0.8202794930126747,0.6507177033492823,0.7384435342305442,0.48951048951048953,0.7075564278704612,286.0
Inter,Notch,Art,Burst,EI,Inter|Notch|Art|Burst|EI,4,0.0,0.14637002341920374,0.0,0.22768670309653916,0.5,0.4958382877526754,122.0
Inter,Notch,Art,Burst,EI,Inter|Notch|Art|Burst|EI,5,0.0,0.14575363427697016,0.0,0.22692078618225134,0.47619047619047616,0.4945482866043614,42.0
Inter,Notch,Art,Burst,EI,Inter|Notch|Art|Burst|EI,6,0.046511627906976744,0.14554727344056492,0.08888888888888889,0.22621951219512196,0.5232558139534884,0.4932108626198083,172.0
Inter,Notch,Art,Burst,EI,Inter|Notch|Art|Burst|EI,7,0.024390243902439025,0.1372854914196568,0.046511627906976744,0.21688231669747382,0.5,0.4984214680347277,82.0
Inter,Notch,Art,Burst,EI,Inter|Notch|Art|Burst|EI,8,0.3620689655172414,0.13418023025009926,0.42857142857142855,0.21264548600188737,0.5172413793103449,0.4938321536905966,232.0
Inter,Notch,Art,Burst,EI,Inter|Notch|Art|Burst|EI,9,0.05555555555555555,0.13988212180746562,0.0970873786407767,0.2202970297029703,0.48333333333333334,0.49498997995991983,180.0
Inter,Notch,Art,Burst,EI,Inter|Notch|Art|Burst|EI,10,0.01694915254237288,0.14724164724164723,0.03076923076923077,0.2289338568408336,0.4661016949152542,0.4954545454545455,118.0
Inter,Notch,Art,Burst,EI,Inter|Notch|Art|Burst|EI,11,0.008064516129032258,0.1420590582601756,0.016,0.22284820031298905,0.5040322580645161,0.49604221635883905,248.0
Inter,Notch,Art,Burst,EI,Inter|Notch|Art|Burst|EI,12,0.03333333333333333,0.14087225009648785,0.06060606060606061,0.22107813446396124,0.48333333333333334,0.4962788875832354,60.0
Inter,Notch,Art,Burst,EI,Inter|Notch|Art|Burst|EI,13,0.05194805194805195,0.13189823874755383,0.0963855421686747,0.2099034568670196,0.512987012987013,0.4949233525781406,154.0
Inter,Notch,Art,Burst,EI,Inter|Notch|Art|Burst|EI,14,0.0,0.17188118811881187,0.0,0.2565011820330969,0.5,0.49386441359887345,198.0
Inter,Notch,Art,Burst,EI,Inter|Notch|Art|Burst|EI,15,0.023529411764705882,0.14015748031496064,0.04597701149425287,0.2202970297029703,0.5117647058823529,0.496,170.0
Inter,Notch,Art,Burst,EI,Inter|Notch|Art|Burst|EI,17,0.009259259259259259,0.14598842018196856,0.017777777777777778,0.2280361757105943,0.48842592592592593,0.4965241204971561,432.0
Inter,Notch,Art,Burst,EI,Inter|Notch|Art|Burst|EI,18,0.012738853503184714,0.13236481033091202,0.025,0.21025641025641026,0.5031847133757962,0.4935251798561151,314.0
Inter,Notch,Art,Burst,EI,Inter|Notch|Art|Burst|EI,20,0.37593984962406013,0.15347721822541965,0.411522633744856,0.23681776133209992,0.462406015037594,0.4952070161125841,266.0
Inter,Notch,Art,Burst,EI,Inter|Notch|Art|Burst|EI,21,0.09090909090909091,0.14598825831702544,0.14583333333333334,0.22757779133618058,0.4675324675324675,0.49591877364125025,154.0
Inter,Notch,Art,Burst,EI,Inter|Notch|Art|Burst|EI,22,0.16666666666666666,0.1420807453416149,0.2571428571428571,0.22202001819836215,0.5185185185185185,0.4937833037300178,108.0
Inter,Notch,Art,Burst,EI,Inter|Notch|Art|Burst|EI,23,0.006289308176100629,0.13505863323898099,0.0125,0.21369161868202174,0.5031446540880503,0.4941345955958016,318.0
Inter,Notch,Art,Burst,EI,Inter|Notch|Art|Burst|EI,24,0.39156626506024095,0.1452991452991453,0.45774647887323944,0.2251655629139073,0.536144578313253,0.49193548387096775,332.0
Inter,Notch,Art,Burst,EI,Inter|Notch|Art|Burst|EI,25,0.13445378151260504,0.14109206855320844,0.20253164556962025,0.2218740206831714,0.47058823529411764,0.4968591691995947,238.0
Inter,Notch,Art,Burst,EI,Inter|Notch|Art|Burst|EI,26,0.1791044776119403,0.18302180685358255,0.27586206896551724,0.2686481851957702,0.5298507462686567,0.4925639500297442,134.0
Inter,Notch,Art,Burst,EI,Inter|Notch|Art|Burst|EI,27,0.0,0.14703557312252966,0.0,0.22857142857142856,0.5,0.4947686116700201,210.0
Inter,Notch,Art,Burst,EI,Inter|Notch|Art|Burst|EI,28,0.15789473684210525,0.13451469995972615,0.2436548223350254,0.21355498721227623,0.5098684210526315,0.4939312898580539,304.0
Inter,Notch,Art,Burst,EI,Inter|Notch|Art|Burst|EI,30,0.13043478260869565,0.20402525651144435,0.21818181818181817,0.2902048835251193,0.532608695652174,0.4928814918788851,184.0
Inter,Notch,Art,Burst,EI,Inter|Notch|Art|Burst|EI,31,0.9122807017543859,0.09948269001193792,0.6419753086419753,0.16672224074691563,0.49122807017543857,0.4945388349514563,228.0
Inter,Notch,Art,Burst,RF,Inter|Notch|Art|Burst|RF,4,0.9672131147540983,0.8793911007025761,0.6519337016574586,0.7596089008766015,0.48360655737704916,0.7173999207292905,122.0
Inter,Notch,Art,Burst,RF,Inter|Notch|Art|Burst|RF,5,1.0,0.8726090283091048,0.6885245901639344,0.6924711596842744,0.5476190476190477,0.6055295950155763,42.0
Inter,Notch,Art,Burst,RF,Inter|Notch|Art|Burst|RF,6,0.9186046511627907,0.8689682228324833,0.6556016597510373,0.6901386508801994,0.5174418604651163,0.6028354632587859,172.0
Inter,Notch,Art,Burst,RF,Inter|Notch|Art|Burst|RF,7,0.4146341463414634,0.8775351014040562,0.4722222222222222,0.7767995857068877,0.5365853658536586,0.744869771112865,82.0
Inter,Notch,Art,Burst,RF,Inter|Notch|Art|Burst|RF,8,0.8275862068965517,0.8598650258038905,0.6274509803921569,0.7311392405063292,0.5086206896551724,0.6778564206268959,232.0
Inter,Notch,Art,Burst,RF,Inter|Notch|Art|Burst|RF,9,0.6333333333333333,0.9056974459724951,0.5786802030456852,0.7606005609635373,0.5388888888888889,0.7092184368737475,180.0
Inter,Notch,Art,Burst,RF,Inter|Notch|Art|Burst|RF,10,0.5084745762711864,0.9020979020979021,0.5042016806722689,0.6760809433687582,0.5,0.5602766798418972,118.0
Inter,Notch,Art,Burst,RF,Inter|Notch|Art|Burst|RF,11,1.0,0.8802873104549083,0.6702702702702703,0.6709245742092458,0.5080645161290323,0.5607874974629592,248.0
Inter,Notch,Art,Burst,RF,Inter|Notch|Art|Burst|RF,12,0.8,0.8541103820918564,0.6153846153846154,0.6687821093986098,0.5,0.5707011359185272,60.0
Inter,Notch,Art,Burst,RF,Inter|Notch|Art|Burst|RF,13,0.974025974025974,0.9123287671232877,0.6607929515418502,0.6770258495498113,0.5,0.5572367111288075,154.0
Inter,Notch,Art,Burst,RF,Inter|Notch|Art|Burst|RF,14,0.41414141414141414,0.9025742574257426,0.4530386740331492,0.7692827004219409,0.5,0.7250050291691813,198.0
Inter,Notch,Art,Burst,RF,Inter|Notch|Art|Burst|RF,15,0.6941176470588235,0.8984251968503937,0.6210526315789474,0.7670588235294118,0.5764705882352941,0.7228,170.0
Inter,Notch,Art,Burst,RF,Inter|Notch|Art|Burst|RF,17,0.9861111111111112,0.881306865177833,0.6625194401244168,0.6721337328497082,0.4976851851851852,0.5620391826416684,432.0
Inter,Notch,Art,Burst,RF,Inter|Notch|Art|Burst|RF,18,0.9235668789808917,0.8845843422114609,0.6487695749440716,0.6741503921267108,0.5,0.5644398766700925,314.0
Inter,Notch,Art,Burst,RF,Inter|Notch|Art|Burst|RF,20,0.7142857142857143,0.919664268585132,0.6089743589743589,0.7676396997497915,0.5413533834586466,0.7158882316948807,266.0
Inter,Notch,Art,Burst,RF,Inter|Notch|Art|Burst|RF,21,0.45454545454545453,0.852054794520548,0.45454545454545453,0.6883794466403163,0.45454545454545453,0.6076050169221581,154.0
Inter,Notch,Art,Burst,RF,Inter|Notch|Art|Burst|RF,22,0.9444444444444444,0.8788819875776398,0.6496815286624203,0.671511196796678,0.49074074074074076,0.5628577067298204,108.0
Inter,Notch,Art,Burst,RF,Inter|Notch|Art|Burst|RF,23,0.8616352201257862,0.9009300444803882,0.6199095022624435,0.7685408761641945,0.4716981132075472,0.7238114838444124,318.0
Inter,Notch,Art,Burst,RF,Inter|Notch|Art|Burst|RF,24,1.0,0.87993487993488,0.6666666666666666,0.6797673321804748,0.5,0.5787841191066998,332.0
Inter,Notch,Art,Burst,RF,Inter|Notch|Art|Burst|RF,25,0.9159663865546218,0.8884017536867278,0.6566265060240963,0.6749432248296745,0.5210084033613446,0.5649442755825734,238.0
Inter,Notch,Art,Burst,RF,Inter|Notch|Art|Burst|RF,26,0.40298507462686567,0.8855140186915887,0.4122137404580153,0.7569906790945407,0.4253731343283582,0.7104897878247075,134.0
Inter,Notch,Art,Burst,RF,Inter|Notch|Art|Burst|RF,27,0.9619047619047619,0.8897233201581027,0.6579804560260586,0.6958268933539413,0.5,0.6040241448692153,210.0
Inter,Notch,Art,Burst,RF,Inter|Notch|Art|Burst|RF,28,0.743421052631579,0.8771647200966572,0.578005115089514,0.725153987015149,0.45723684210526316,0.6603579510388808,304.0
Inter,Notch,Art,Burst,RF,Inter|Notch|Art|Burst|RF,30,1.0,0.8875295974743489,0.6666666666666666,0.6741606714628298,0.5,0.564066573090034,184.0
Inter,Notch,Art,Burst,RF,Inter|Notch|Art|Burst|RF,31,0.9210526315789473,0.8424194190210903,0.6422018348623854,0.7358359402155022,0.4868421052631579,0.6925566343042071,228.0
