max_depth,min_samples_leaf,n_estimators,mean_inner_recall,pid
2,3,100,0.5778,4
2,3,200,0.5969,4
2,3,300,0.5963,4
2,5,100,0.573,4
2,5,200,0.5799,4
2,5,300,0.575,4
2,10,100,0.5899,4
2,10,200,0.5613,4
2,10,300,0.5718,4
3,3,100,0.6062,4
3,3,200,0.6017,4
3,3,300,0.6074,4
3,5,100,0.6122,4
3,5,200,0.5807,4
3,5,300,0.5917,4
3,10,100,0.6026,4
3,10,200,0.5706,4
3,10,300,0.5818,4
5,3,100,0.6195,4
5,3,200,0.6206,4
5,3,300,0.6166,4
5,5,100,0.6016,4
5,5,200,0.5854,4
5,5,300,0.6025,4
5,10,100,0.6049,4
5,10,200,0.5745,4
5,10,300,0.5818,4
2,3,100,0.458,5
2,3,200,0.4362,5
2,3,300,0.454,5
2,5,100,0.4973,5
2,5,200,0.5154,5
2,5,300,0.5138,5
2,10,100,0.3925,5
2,10,200,0.3841,5
2,10,300,0.3791,5
3,3,100,0.4747,5
3,3,200,0.4362,5
3,3,300,0.4874,5
3,5,100,0.5084,5
3,5,200,0.5154,5
3,5,300,0.5212,5
3,10,100,0.3925,5
3,10,200,0.3841,5
3,10,300,0.3791,5
5,3,100,0.4747,5
5,3,200,0.4362,5
5,3,300,0.4874,5
5,5,100,0.5084,5
5,5,200,0.5154,5
5,5,300,0.5212,5
5,10,100,0.3925,5
5,10,200,0.3841,5
5,10,300,0.3791,5
2,3,100,0.5548,6
2,3,200,0.5455,6
2,3,300,0.5448,6
2,5,100,0.5629,6
2,5,200,0.5515,6
2,5,300,0.5445,6
2,10,100,0.5678,6
2,10,200,0.562,6
2,10,300,0.5705,6
3,3,100,0.5834,6
3,3,200,0.5624,6
3,3,300,0.5492,6
3,5,100,0.5642,6
3,5,200,0.5459,6
3,5,300,0.555,6
3,10,100,0.5734,6
3,10,200,0.5635,6
3,10,300,0.5472,6
5,3,100,0.5605,6
5,3,200,0.5358,6
5,3,300,0.5382,6
5,5,100,0.5601,6
5,5,200,0.5439,6
5,5,300,0.5524,6
5,10,100,0.5538,6
5,10,200,0.5661,6
5,10,300,0.5588,6
2,3,100,0.7928,7
2,3,200,0.798,7
2,3,300,0.803,7
2,5,100,0.782,7
2,5,200,0.8,7
2,5,300,0.7956,7
2,10,100,0.7787,7
2,10,200,0.7702,7
2,10,300,0.7705,7
3,3,100,0.8066,7
3,3,200,0.7984,7
3,3,300,0.8026,7
3,5,100,0.7836,7
3,5,200,0.7962,7
3,5,300,0.7956,7
3,10,100,0.775,7
3,10,200,0.7747,7
3,10,300,0.7705,7
5,3,100,0.8136,7
5,3,200,0.8171,7
5,3,300,0.8096,7
5,5,100,0.7875,7
5,5,200,0.7999,7
5,5,300,0.7998,7
5,10,100,0.7787,7
5,10,200,0.7747,7
5,10,300,0.7705,7
2,3,100,0.5147,8
2,3,200,0.4867,8
2,3,300,0.4932,8
2,5,100,0.5023,8
2,5,200,0.4743,8
2,5,300,0.487,8
2,10,100,0.5393,8
2,10,200,0.5037,8
2,10,300,0.5041,8
3,3,100,0.5105,8
3,3,200,0.4992,8
3,3,300,0.5005,8
3,5,100,0.5086,8
3,5,200,0.5018,8
3,5,300,0.503,8
3,10,100,0.5581,8
3,10,200,0.5043,8
3,10,300,0.5149,8
5,3,100,0.5141,8
5,3,200,0.4996,8
5,3,300,0.507,8
5,5,100,0.519,8
5,5,200,0.5055,8
5,5,300,0.5062,8
5,10,100,0.5692,8
5,10,200,0.5235,8
5,10,300,0.524,8
2,3,100,0.5658,9
2,3,200,0.5525,9
2,3,300,0.5582,9
2,5,100,0.5427,9
2,5,200,0.5399,9
2,5,300,0.5547,9
2,10,100,0.5423,9
2,10,200,0.5553,9
2,10,300,0.568,9
3,3,100,0.5651,9
3,3,200,0.5673,9
3,3,300,0.5487,9
3,5,100,0.5597,9
3,5,200,0.5682,9
3,5,300,0.5707,9
3,10,100,0.5472,9
3,10,200,0.5729,9
3,10,300,0.5719,9
5,3,100,0.5488,9
5,3,200,0.5653,9
5,3,300,0.5681,9
5,5,100,0.5632,9
5,5,200,0.5583,9
5,5,300,0.5578,9
5,10,100,0.5527,9
5,10,200,0.5756,9
5,10,300,0.5781,9
2,3,100,0.5325,10
2,3,200,0.5156,10
2,3,300,0.529,10
2,5,100,0.5521,10
2,5,200,0.529,10
2,5,300,0.5517,10
2,10,100,0.5923,10
2,10,200,0.5988,10
2,10,300,0.6068,10
3,3,100,0.5328,10
3,3,200,0.5355,10
3,3,300,0.5226,10
3,5,100,0.5602,10
3,5,200,0.5179,10
3,5,300,0.5512,10
3,10,100,0.5881,10
3,10,200,0.5943,10
3,10,300,0.6018,10
5,3,100,0.5392,10
5,3,200,0.5073,10
5,3,300,0.5034,10
5,5,100,0.5714,10
5,5,200,0.5307,10
5,5,300,0.5643,10
5,10,100,0.579,10
5,10,200,0.5943,10
5,10,300,0.6018,10
2,3,100,0.8435,11
2,3,200,0.8578,11
2,3,300,0.8684,11
2,5,100,0.8265,11
2,5,200,0.8456,11
2,5,300,0.8496,11
2,10,100,0.8097,11
2,10,200,0.8371,11
2,10,300,0.8347,11
3,3,100,0.841,11
3,3,200,0.864,11
3,3,300,0.8576,11
3,5,100,0.847,11
3,5,200,0.8595,11
3,5,300,0.8557,11
3,10,100,0.8157,11
3,10,200,0.8329,11
3,10,300,0.8347,11
5,3,100,0.8248,11
5,3,200,0.8472,11
5,3,300,0.8433,11
5,5,100,0.8262,11
5,5,200,0.8475,11
5,5,300,0.8498,11
5,10,100,0.8073,11
5,10,200,0.833,11
5,10,300,0.8285,11
2,3,100,0.842,12
2,3,200,0.8416,12
2,3,300,0.8416,12
2,5,100,0.8439,12
2,5,200,0.8416,12
2,5,300,0.832,12
2,10,100,0.8611,12
2,10,200,0.8615,12
2,10,300,0.8615,12
3,3,100,0.842,12
3,3,200,0.8416,12
3,3,300,0.8416,12
3,5,100,0.8439,12
3,5,200,0.8416,12
3,5,300,0.832,12
3,10,100,0.8611,12
3,10,200,0.8615,12
3,10,300,0.8615,12
5,3,100,0.842,12
5,3,200,0.8364,12
5,3,300,0.8416,12
5,5,100,0.8439,12
5,5,200,0.8416,12
5,5,300,0.832,12
5,10,100,0.8611,12
5,10,200,0.8615,12
5,10,300,0.8615,12
2,3,100,0.5937,13
2,3,200,0.6017,13
2,3,300,0.6079,13
2,5,100,0.6075,13
2,5,200,0.5923,13
2,5,300,0.6031,13
2,10,100,0.5766,13
2,10,200,0.6014,13
2,10,300,0.6155,13
3,3,100,0.5805,13
3,3,200,0.5702,13
3,3,300,0.5832,13
3,5,100,0.5942,13
3,5,200,0.5772,13
3,5,300,0.5821,13
3,10,100,0.5764,13
3,10,200,0.5881,13
3,10,300,0.5882,13
5,3,100,0.5832,13
5,3,200,0.5833,13
5,3,300,0.5948,13
5,5,100,0.5814,13
5,5,200,0.5841,13
5,5,300,0.5812,13
5,10,100,0.5764,13
5,10,200,0.5842,13
5,10,300,0.5882,13
2,3,100,0.4583,14
2,3,200,0.4444,14
2,3,300,0.4611,14
2,5,100,0.4507,14
2,5,200,0.4501,14
2,5,300,0.4528,14
2,10,100,0.435,14
2,10,200,0.4136,14
2,10,300,0.43,14
3,3,100,0.4483,14
3,3,200,0.4575,14
3,3,300,0.4761,14
3,5,100,0.4616,14
3,5,200,0.4587,14
3,5,300,0.4807,14
3,10,100,0.4617,14
3,10,200,0.4371,14
3,10,300,0.436,14
5,3,100,0.4727,14
5,3,200,0.4795,14
5,3,300,0.4908,14
5,5,100,0.4659,14
5,5,200,0.462,14
5,5,300,0.4959,14
5,10,100,0.4538,14
5,10,200,0.4397,14
5,10,300,0.4407,14
2,3,100,0.6115,15
2,3,200,0.5948,15
2,3,300,0.6049,15
2,5,100,0.6257,15
2,5,200,0.5979,15
2,5,300,0.5987,15
2,10,100,0.5949,15
2,10,200,0.5737,15
2,10,300,0.5788,15
3,3,100,0.6232,15
3,3,200,0.6207,15
3,3,300,0.6061,15
3,5,100,0.6334,15
3,5,200,0.6208,15
3,5,300,0.6133,15
3,10,100,0.5815,15
3,10,200,0.5746,15
3,10,300,0.5877,15
5,3,100,0.6176,15
5,3,200,0.6264,15
5,3,300,0.6376,15
5,5,100,0.6308,15
5,5,200,0.6179,15
5,5,300,0.627,15
5,10,100,0.5787,15
5,10,200,0.5831,15
5,10,300,0.5875,15
2,3,100,0.7513,17
2,3,200,0.7235,17
2,3,300,0.7307,17
2,5,100,0.7486,17
2,5,200,0.7308,17
2,5,300,0.7345,17
2,10,100,0.7368,17
2,10,200,0.7284,17
2,10,300,0.7337,17
3,3,100,0.7494,17
3,3,200,0.7284,17
3,3,300,0.7302,17
3,5,100,0.7344,17
3,5,200,0.7214,17
3,5,300,0.7236,17
3,10,100,0.7248,17
3,10,200,0.717,17
3,10,300,0.723,17
5,3,100,0.7229,17
5,3,200,0.7161,17
5,3,300,0.7237,17
5,5,100,0.6881,17
5,5,200,0.705,17
5,5,300,0.7039,17
5,10,100,0.7093,17
5,10,200,0.7058,17
5,10,300,0.7003,17
2,3,100,0.7078,18
2,3,200,0.7167,18
2,3,300,0.7175,18
2,5,100,0.7098,18
2,5,200,0.7199,18
2,5,300,0.7105,18
2,10,100,0.7222,18
2,10,200,0.7232,18
2,10,300,0.7264,18
3,3,100,0.6918,18
3,3,200,0.7016,18
3,3,300,0.7068,18
3,5,100,0.7012,18
3,5,200,0.712,18
3,5,300,0.7151,18
3,10,100,0.6996,18
3,10,200,0.7225,18
3,10,300,0.7167,18
5,3,100,0.6766,18
5,3,200,0.6881,18
5,3,300,0.6941,18
5,5,100,0.7,18
5,5,200,0.6884,18
5,5,300,0.705,18
5,10,100,0.713,18
5,10,200,0.7134,18
5,10,300,0.7099,18
2,3,100,0.4906,20
2,3,200,0.5118,20
2,3,300,0.51,20
2,5,100,0.5014,20
2,5,200,0.5103,20
2,5,300,0.5156,20
2,10,100,0.5126,20
2,10,200,0.5142,20
2,10,300,0.5148,20
3,3,100,0.4882,20
3,3,200,0.5096,20
3,3,300,0.519,20
3,5,100,0.4934,20
3,5,200,0.5088,20
3,5,300,0.5206,20
3,10,100,0.5164,20
3,10,200,0.5191,20
3,10,300,0.5252,20
5,3,100,0.5304,20
5,3,200,0.5316,20
5,3,300,0.5263,20
5,5,100,0.5127,20
5,5,200,0.5435,20
5,5,300,0.5418,20
5,10,100,0.5315,20
5,10,200,0.5371,20
5,10,300,0.52,20
2,3,100,0.4647,21
2,3,200,0.4393,21
2,3,300,0.4569,21
2,5,100,0.4387,21
2,5,200,0.4466,21
2,5,300,0.4569,21
2,10,100,0.4496,21
2,10,200,0.4411,21
2,10,300,0.4409,21
3,3,100,0.4934,21
3,3,200,0.4686,21
3,3,300,0.4848,21
3,5,100,0.4606,21
3,5,200,0.4596,21
3,5,300,0.4702,21
3,10,100,0.4483,21
3,10,200,0.4464,21
3,10,300,0.4444,21
5,3,100,0.49,21
5,3,200,0.4693,21
5,3,300,0.4613,21
5,5,100,0.4676,21
5,5,200,0.4688,21
5,5,300,0.4567,21
5,10,100,0.4617,21
5,10,200,0.4531,21
5,10,300,0.4444,21
2,3,100,0.7283,22
2,3,200,0.7588,22
2,3,300,0.7737,22
2,5,100,0.7117,22
2,5,200,0.7415,22
2,5,300,0.7478,22
2,10,100,0.7725,22
2,10,200,0.7701,22
2,10,300,0.7984,22
3,3,100,0.7393,22
3,3,200,0.7503,22
3,3,300,0.7537,22
3,5,100,0.7051,22
3,5,200,0.7348,22
3,5,300,0.7329,22
3,10,100,0.777,22
3,10,200,0.7618,22
3,10,300,0.7984,22
5,3,100,0.7349,22
5,3,200,0.7423,22
5,3,300,0.7482,22
5,5,100,0.7221,22
5,5,200,0.7282,22
5,5,300,0.7368,22
5,10,100,0.7667,22
5,10,200,0.7618,22
5,10,300,0.7984,22
2,3,100,0.7468,23
2,3,200,0.7431,23
2,3,300,0.7399,23
2,5,100,0.7438,23
2,5,200,0.7398,23
2,5,300,0.7399,23
2,10,100,0.7393,23
2,10,200,0.7368,23
2,10,300,0.7395,23
3,3,100,0.7564,23
3,3,200,0.7524,23
3,3,300,0.7543,23
3,5,100,0.7476,23
3,5,200,0.7477,23
3,5,300,0.7531,23
3,10,100,0.7352,23
3,10,200,0.7371,23
3,10,300,0.7513,23
5,3,100,0.7533,23
5,3,200,0.7593,23
5,3,300,0.7695,23
5,5,100,0.7533,23
5,5,200,0.7668,23
5,5,300,0.7658,23
5,10,100,0.7267,23
5,10,200,0.7416,23
5,10,300,0.7529,23
2,3,100,0.8765,24
2,3,200,0.8815,24
2,3,300,0.8796,24
2,5,100,0.872,24
2,5,200,0.8771,24
2,5,300,0.8801,24
2,10,100,0.8711,24
2,10,200,0.8761,24
2,10,300,0.8775,24
3,3,100,0.8642,24
3,3,200,0.8756,24
3,3,300,0.8784,24
3,5,100,0.866,24
3,5,200,0.8708,24
3,5,300,0.8721,24
3,10,100,0.857,24
3,10,200,0.8692,24
3,10,300,0.8742,24
5,3,100,0.8558,24
5,3,200,0.8682,24
5,3,300,0.8663,24
5,5,100,0.8614,24
5,5,200,0.8765,24
5,5,300,0.8733,24
5,10,100,0.8531,24
5,10,200,0.863,24
5,10,300,0.8645,24
2,3,100,0.7183,25
2,3,200,0.7141,25
2,3,300,0.7406,25
2,5,100,0.7091,25
2,5,200,0.72,25
2,5,300,0.7257,25
2,10,100,0.7035,25
2,10,200,0.7042,25
2,10,300,0.71,25
3,3,100,0.7214,25
3,3,200,0.7373,25
3,3,300,0.7335,25
3,5,100,0.7103,25
3,5,200,0.7286,25
3,5,300,0.7361,25
3,10,100,0.7042,25
3,10,200,0.6935,25
3,10,300,0.7064,25
5,3,100,0.7129,25
5,3,200,0.711,25
5,3,300,0.7226,25
5,5,100,0.7167,25
5,5,200,0.7235,25
5,5,300,0.7284,25
5,10,100,0.6897,25
5,10,200,0.6806,25
5,10,300,0.6896,25
2,3,100,0.6582,26
2,3,200,0.6699,26
2,3,300,0.675,26
2,5,100,0.654,26
2,5,200,0.6769,26
2,5,300,0.6661,26
2,10,100,0.6255,26
2,10,200,0.6416,26
2,10,300,0.6354,26
3,3,100,0.6998,26
3,3,200,0.6869,26
3,3,300,0.6773,26
3,5,100,0.6755,26
3,5,200,0.6945,26
3,5,300,0.6777,26
3,10,100,0.6345,26
3,10,200,0.6445,26
3,10,300,0.6358,26
5,3,100,0.7082,26
5,3,200,0.7071,26
5,3,300,0.6894,26
5,5,100,0.6851,26
5,5,200,0.6872,26
5,5,300,0.6725,26
5,10,100,0.6345,26
5,10,200,0.6445,26
5,10,300,0.6358,26
2,3,100,0.6636,27
2,3,200,0.67,27
2,3,300,0.6633,27
2,5,100,0.6639,27
2,5,200,0.6435,27
2,5,300,0.6626,27
2,10,100,0.6768,27
2,10,200,0.6584,27
2,10,300,0.6615,27
3,3,100,0.6752,27
3,3,200,0.6732,27
3,3,300,0.6696,27
3,5,100,0.666,27
3,5,200,0.6625,27
3,5,300,0.6745,27
3,10,100,0.6842,27
3,10,200,0.6924,27
3,10,300,0.6775,27
5,3,100,0.674,27
5,3,200,0.6899,27
5,3,300,0.6819,27
5,5,100,0.6737,27
5,5,200,0.6812,27
5,5,300,0.6859,27
5,10,100,0.685,27
5,10,200,0.6914,27
5,10,300,0.6795,27
2,3,100,0.6305,28
2,3,200,0.634,28
2,3,300,0.6319,28
2,5,100,0.6307,28
2,5,200,0.639,28
2,5,300,0.6318,28
2,10,100,0.628,28
2,10,200,0.6297,28
2,10,300,0.6279,28
3,3,100,0.6466,28
3,3,200,0.6507,28
3,3,300,0.6468,28
3,5,100,0.6401,28
3,5,200,0.6437,28
3,5,300,0.6492,28
3,10,100,0.6526,28
3,10,200,0.6437,28
3,10,300,0.6331,28
5,3,100,0.6436,28
5,3,200,0.6467,28
5,3,300,0.643,28
5,5,100,0.632,28
5,5,200,0.6485,28
5,5,300,0.6478,28
5,10,100,0.6571,28
5,10,200,0.6487,28
5,10,300,0.6402,28
2,3,100,0.7563,30
2,3,200,0.7704,30
2,3,300,0.7756,30
2,5,100,0.7611,30
2,5,200,0.7706,30
2,5,300,0.7955,30
2,10,100,0.7292,30
2,10,200,0.7283,30
2,10,300,0.7451,30
3,3,100,0.7708,30
3,3,200,0.7657,30
3,3,300,0.7702,30
3,5,100,0.7584,30
3,5,200,0.7652,30
3,5,300,0.7799,30
3,10,100,0.7269,30
3,10,200,0.7249,30
3,10,300,0.7392,30
5,3,100,0.7377,30
5,3,200,0.754,30
5,3,300,0.7645,30
5,5,100,0.748,30
5,5,200,0.7586,30
5,5,300,0.777,30
5,10,100,0.7158,30
5,10,200,0.716,30
5,10,300,0.7331,30
2,3,100,0.573,31
2,3,200,0.5778,31
2,3,300,0.5674,31
2,5,100,0.5733,31
2,5,200,0.5711,31
2,5,300,0.5749,31
2,10,100,0.5771,31
2,10,200,0.5796,31
2,10,300,0.5701,31
3,3,100,0.5555,31
3,3,200,0.5824,31
3,3,300,0.5583,31
3,5,100,0.5671,31
3,5,200,0.5803,31
3,5,300,0.5687,31
3,10,100,0.572,31
3,10,200,0.5705,31
3,10,300,0.5817,31
5,3,100,0.5584,31
5,3,200,0.5681,31
5,3,300,0.5491,31
5,5,100,0.5605,31
5,5,200,0.578,31
5,5,300,0.5781,31
5,10,100,0.5879,31
5,10,200,0.5722,31
5,10,300,0.5788,31
