PID,n_skip,R1 Test Acc,R1 Train Acc,R1 \Delta Acc,R2 Test Acc,R2 Train Acc,R2 \Delta Acc,R3 Test Acc,R3 Train Acc,R3 \Delta Acc,R4 Test Acc,R4 Train Acc,R4 \Delta Acc,R4 Test Recall,R4 95% CI,R4 Sig.↑
P04,90,0.5410702614379085,0.9973484241198104,0.4562781626819019,0.5410702614379085,0.9973484241198104,0.4562781626819019,0.5010375816993464,0.735949218103854,0.23491163640450763,0.5309967320261437,0.7310230815233296,0.2000263494971859,0.5126307189542484,"[0.437, 0.586]",—
P05,34,0.5766666666666667,0.9833333333333332,0.4066666666666665,0.5766666666666667,0.9833333333333332,0.4066666666666665,0.5633333333333332,0.85,0.28666666666666674,0.5866666666666667,0.8825,0.2958333333333333,0.5733333333333334,"[0.441, 0.684]",—
P06,111,0.5335064935064935,0.9385526675786592,0.4050461740721657,0.5335064935064935,0.9385526675786592,0.4050461740721657,0.4987012987012987,0.8144760601915186,0.31577476149021994,0.4912554112554113,0.8315047879616964,0.3402493767062851,0.5857142857142856,"[0.517, 0.648]",✓
P07,91,0.7977777777777778,0.9867701863354036,0.18899240855762578,0.7977777777777778,0.9867701863354036,0.18899240855762578,0.780718954248366,0.8835817805383023,0.10286282628993626,0.828888888888889,0.8925341614906832,0.0636452726017942,0.8109803921568627,"[0.746, 0.862]",✓
P08,144,0.525,0.9475,0.4225,0.525,0.9475,0.4225,0.5235714285714286,0.8949999999999999,0.37142857142857133,0.5371428571428571,0.7076785714285715,0.17053571428571435,0.6142857142857142,"[0.556, 0.669]",✓
P09,119,0.6208695652173913,0.9702173913043476,0.34934782608695625,0.6208695652173913,0.9702173913043476,0.34934782608695625,0.5904347826086956,0.7891304347826088,0.19869565217391316,0.6617391304347826,0.846086956521739,0.18434782608695643,0.8417391304347828,"[0.791, 0.885]",✓
P10,76,0.5714285714285714,0.8633333333333333,0.2919047619047619,0.5714285714285714,0.8633333333333333,0.2919047619047619,0.5413333333333332,0.7403266787658802,0.198993345432547,0.5442857142857143,0.7911070780399274,0.24682136375421315,0.5499047619047619,"[0.467, 0.628]",—
P11,162,0.7898790322580644,0.8190138732658416,0.02913484100777719,0.7898790322580644,0.8190138732658416,0.02913484100777719,0.7840927419354838,0.8167941507311586,0.032701408795674736,0.7985887096774194,0.8066679165104362,0.008079206833016883,0.9645564516129032,"[0.939, 0.981]",✓
P12,55,0.911818181818182,0.9324878048780488,0.02066962305986686,0.911818181818182,0.9324878048780488,0.02066962305986686,0.8694545454545455,0.8977682926829269,0.028313747228381425,0.8743636363636365,0.9021463414634148,0.027782705099778315,0.8334545454545454,"[0.749, 0.893]",✓
P13,97,0.6518713450292397,0.8787855855855856,0.2269142405563459,0.6518713450292397,0.8787855855855856,0.2269142405563459,0.6153801169590644,0.7808864864864865,0.16550636952742215,0.6936842105263158,0.7528936936936936,0.05920948316737784,0.8635087719298244,"[0.809, 0.907]",✓
P14,128,0.5158666666666667,0.9776424242424244,0.46177575757575773,0.5158666666666667,0.9776424242424244,0.46177575757575773,0.507,0.8397454545454546,0.33274545454545457,0.5336000000000001,0.8504363636363637,0.3168363636363636,0.5455333333333334,"[0.482, 0.605]",—
P15,121,0.7018840579710146,0.99230382063601,0.29041976266499536,0.7018840579710146,0.99230382063601,0.29041976266499536,0.6641304347826087,0.8377785403797757,0.17364810559716704,0.6976811594202899,0.8284397163120566,0.13075855689176674,0.7970289855072463,"[0.743, 0.846]",✓
P17,276,0.6560942760942761,0.7428182471568089,0.08672397106253282,0.6560942760942761,0.7428182471568089,0.08672397106253282,0.6623299663299662,0.7381321608252653,0.07580219449529912,0.67986531986532,0.7162503699319325,0.03638505006661252,0.9135622895622896,"[0.887, 0.934]",✓
P18,201,0.6239999999999999,0.8309602515520439,0.206960251552044,0.6239999999999999,0.8309602515520439,0.206960251552044,0.606628205128205,0.8249866967669114,0.21835849163870635,0.626628205128205,0.7137265177779569,0.08709831264975187,0.7912820512820513,"[0.749, 0.829]",✓
P20,175,0.6010735294117648,0.9831323996400804,0.38205887022831553,0.6010735294117648,0.9831323996400804,0.38205887022831553,0.5907962184873949,0.8559445594412367,0.26514834095384177,0.6068214285714285,0.7818335249946538,0.17501209642322524,0.7134117647058824,"[0.663, 0.759]",✓
P21,104,0.4911052631578947,0.9343481012658228,0.4432428381079281,0.4911052631578947,0.9343481012658228,0.4432428381079281,0.4892105263157895,0.7876075949367088,0.29839706862091936,0.5022631578947369,0.7880791139240506,0.28581595602931376,0.4922105263157895,"[0.421, 0.559]",—
P22,74,0.6757142857142857,0.9039285714285714,0.2282142857142857,0.6757142857142857,0.9039285714285714,0.2282142857142857,0.6699999999999999,0.9232142857142858,0.25321428571428584,0.6928571428571428,0.8300000000000001,0.13714285714285723,0.8342857142857143,"[0.765, 0.888]",✓
P23,205,0.742719512195122,0.986447204968944,0.243727692773822,0.742719512195122,0.986447204968944,0.243727692773822,0.721829268292683,0.8425729813664595,0.12074371307377652,0.7518414634146341,0.7725465838509317,0.020705120436297575,0.907390243902439,"[0.876, 0.932]",✓
P24,221,0.7752854122621564,0.8303508072553318,0.05506539499317542,0.7752854122621564,0.8303508072553318,0.05506539499317542,0.774355179704017,0.8229845193010432,0.0486293395970262,0.7822515856236787,0.7994990366088632,0.017247450985184543,0.9261945031712472,"[0.898, 0.947]",✓
P25,155,0.7277204301075268,0.7950482093663912,0.06732777925886435,0.7277204301075268,0.7950482093663912,0.06732777925886435,0.7020645161290322,0.8521611570247934,0.15009664089576125,0.727741935483871,0.7451460055096418,0.017404070025770824,0.9446451612903226,"[0.912, 0.965]",✓
P26,81,0.6741666666666667,0.9983712321523004,0.3242045654856337,0.6741666666666667,0.9983712321523004,0.3242045654856337,0.66575,0.9335060814383922,0.26775608143839225,0.7191666666666666,0.9372924378635644,0.2181257711968978,0.7638333333333333,"[0.693, 0.826]",✓
P27,133,0.6330153846153846,0.9215172282505236,0.288501843635139,0.6330153846153846,0.9215172282505236,0.288501843635139,0.6336615384615384,0.91390062821245,0.2802390897509116,0.6413846153846154,0.8171501998857795,0.17576558450116408,0.7997538461538461,"[0.748, 0.845]",✓
P28,211,0.5626957026713124,0.8856334072431633,0.3229377045718509,0.5626957026713124,0.8856334072431633,0.3229377045718509,0.5568768873403019,0.7977901958383778,0.2409133084980759,0.5782020905923345,0.8102071288978367,0.23200503830550223,0.5510150987224158,"[0.503, 0.599]",✓
P30,116,0.7345454545454546,0.834569288389513,0.10002383384405844,0.7345454545454546,0.834569288389513,0.10002383384405844,0.7275098814229249,0.8330162297128589,0.105506348289934,0.7676679841897233,0.789171036204744,0.021503052015020785,0.9251383399209488,"[0.882, 0.952]",✓
P31,147,0.566896551724138,0.9463264683447752,0.3794299166206372,0.566896551724138,0.9463264683447752,0.3794299166206372,0.5361822660098523,0.7204942791762013,0.18431201316634904,0.5862068965517242,0.7122242562929062,0.126017359741182,0.7488177339901478,"[0.695, 0.795]",✓
Mean ± SD,133.1 ± 57.6,0.648 ± 0.105,0.915 ± 0.073,0.267 ± 0.142,0.648 ± 0.105,0.915 ± 0.073,0.267 ± 0.142,0.631 ± 0.105,0.829 ± 0.059,0.198 ± 0.097,0.658 ± 0.107,0.801 ± 0.063,0.144 ± 0.105,0.752 ± 0.153,,
